unit_id,build_date,production_line,shift,test_station,firmware_version,heart_rate_error_bpm,response_time_seconds,signal_quality_score,test_status,defect_category,rework_required
WHRM-00001,2026-07-01,Line A,Day,TS-01,FW-SIM-0.2,0.76,3.81,95.0,Pass,None,No
WHRM-00002,2026-07-01,Line A,Evening,TS-01,FW-SIM-0.2,4.25,3.77,92.1,Pass,None,No
WHRM-00003,2026-07-01,Line A,Evening,TS-02,FW-SIM-0.2,3.42,5.0,94.4,Pass,None,No
WHRM-00004,2026-07-01,Line B,Day,TS-03,FW-SIM-0.2,1.93,4.11,94.2,Pass,None,No
WHRM-00005,2026-07-01,Line A,Evening,TS-01,FW-SIM-0.2,0.91,5.18,89.0,Fail,Slow response time,Yes
WHRM-00006,2026-07-01,Line A,Evening,TS-01,FW-SIM-0.2,2.86,5.62,94.4,Fail,Slow response time,Yes
WHRM-00007,2026-07-01,Line B,Day,TS-02,FW-SIM-0.2,2.17,5.38,89.0,Fail,Slow response time,Yes
WHRM-00008,2026-07-01,Line A,Day,TS-02,FW-SIM-0.2,4.16,4.15,90.1,Pass,None,No
WHRM-00009,2026-07-01,Line A,Day,TS-01,FW-SIM-0.2,1.81,4.11,84.3,Pass,None,No
WHRM-00010,2026-07-01,Line A,Day,TS-02,FW-SIM-0.2,2.86,4.23,90.4,Pass,None,No
WHRM-00011,2026-07-01,Line B,Day,TS-03,FW-SIM-0.2,1.94,3.97,84.2,Pass,None,No
WHRM-00012,2026-07-01,Line A,Day,TS-02,FW-SIM-0.2,1.38,3.84,84.1,Pass,None,No
WHRM-00013,2026-07-01,Line B,Day,TS-03,FW-SIM-0.2,5.07,4.03,98.8,Fail,High heart-rate error,Yes
WHRM-00014,2026-07-01,Line B,Evening,TS-01,FW-SIM-0.2,2.09,4.52,86.8,Pass,None,No
WHRM-00015,2026-07-01,Line C,Day,TS-01,FW-SIM-0.2,2.37,5.12,100.0,Fail,Slow response time,Yes
WHRM-00016,2026-07-01,Line A,Evening,TS-02,FW-SIM-0.2,0.1,4.76,91.3,Pass,None,No
WHRM-00017,2026-07-01,Line C,Evening,TS-01,FW-SIM-0.2,3.33,4.07,92.7,Pass,None,No
WHRM-00018,2026-07-01,Line C,Day,TS-03,FW-SIM-0.2,2.88,4.94,87.0,Pass,None,No
WHRM-00019,2026-07-01,Line A,Day,TS-01,FW-SIM-0.2,1.84,4.87,99.7,Pass,None,No
WHRM-00020,2026-07-01,Line C,Evening,TS-02,FW-SIM-0.2,0.46,4.72,84.0,Pass,None,No
WHRM-00021,2026-07-01,Line A,Evening,TS-01,FW-SIM-0.2,3.7,4.37,90.5,Pass,None,No
WHRM-00022,2026-07-01,Line A,Evening,TS-02,FW-SIM-0.2,3.34,4.93,86.5,Pass,None,No
WHRM-00023,2026-07-01,Line B,Day,TS-03,FW-SIM-0.2,2.67,5.35,85.3,Fail,Slow response time,No
WHRM-00024,2026-07-01,Line B,Day,TS-03,FW-SIM-0.2,1.81,4.09,89.1,Pass,None,No
WHRM-00025,2026-07-01,Line C,Day,TS-03,FW-SIM-0.2,1.59,3.41,84.6,Pass,None,No
WHRM-00026,2026-07-01,Line C,Evening,TS-02,FW-SIM-0.2,2.79,4.19,87.1,Pass,None,No
WHRM-00027,2026-07-01,Line A,Day,TS-02,FW-SIM-0.2,2.91,3.05,89.1,Pass,None,No
WHRM-00028,2026-07-01,Line B,Day,TS-02,FW-SIM-0.2,2.89,4.26,94.6,Pass,None,No
WHRM-00029,2026-07-01,Line C,Day,TS-02,FW-SIM-0.2,3.81,4.38,81.7,Fail,Low signal quality,Yes
WHRM-00030,2026-07-01,Line A,Day,TS-02,FW-SIM-0.2,0.1,3.83,98.9,Pass,None,No
WHRM-00031,2026-07-01,Line A,Day,TS-01,FW-SIM-0.2,3.14,4.69,88.9,Pass,None,No
WHRM-00032,2026-07-01,Line C,Evening,TS-03,FW-SIM-0.2,0.83,4.37,80.9,Fail,Low signal quality,No
WHRM-00033,2026-07-01,Line A,Day,TS-01,FW-SIM-0.2,2.07,4.46,100.0,Pass,None,No
WHRM-00034,2026-07-01,Line B,Day,TS-02,FW-SIM-0.2,4.19,4.29,89.7,Pass,None,No
WHRM-00035,2026-07-01,Line A,Day,TS-03,FW-SIM-0.2,1.08,4.73,94.3,Pass,None,No
WHRM-00036,2026-07-01,Line B,Day,TS-01,FW-SIM-0.2,3.22,3.3,93.1,Pass,None,No
WHRM-00037,2026-07-01,Line C,Day,TS-03,FW-SIM-0.2,2.49,3.94,82.3,Pass,None,No
WHRM-00038,2026-07-01,Line A,Day,TS-02,FW-SIM-0.2,3.46,4.78,88.0,Pass,None,No
WHRM-00039,2026-07-01,Line C,Evening,TS-03,FW-SIM-0.2,4.67,5.16,84.8,Fail,Slow response time,Yes
WHRM-00040,2026-07-01,Line A,Evening,TS-01,FW-SIM-0.2,0.9,3.76,85.1,Pass,None,No
WHRM-00041,2026-07-01,Line B,Evening,TS-03,FW-SIM-0.2,4.03,5.55,89.2,Fail,Slow response time,No
WHRM-00042,2026-07-01,Line C,Day,TS-03,FW-SIM-0.2,3.16,3.83,88.8,Pass,None,No
WHRM-00043,2026-07-01,Line A,Day,TS-03,FW-SIM-0.2,3.29,4.54,88.8,Pass,None,No
WHRM-00044,2026-07-01,Line B,Day,TS-01,FW-SIM-0.2,3.22,3.73,92.4,Pass,None,No
WHRM-00045,2026-07-01,Line A,Day,TS-03,FW-SIM-0.2,3.89,3.79,86.8,Pass,None,No
WHRM-00046,2026-07-01,Line B,Day,TS-02,FW-SIM-0.2,5.79,4.41,98.8,Fail,High heart-rate error,Yes
WHRM-00047,2026-07-01,Line B,Evening,TS-01,FW-SIM-0.2,0.55,3.82,89.6,Pass,None,No
WHRM-00048,2026-07-01,Line A,Evening,TS-01,FW-SIM-0.2,4.2,4.06,96.1,Pass,None,No
WHRM-00049,2026-07-01,Line B,Day,TS-01,FW-SIM-0.2,1.68,3.63,97.3,Pass,None,No
WHRM-00050,2026-07-01,Line B,Evening,TS-03,FW-SIM-0.2,2.66,4.96,82.0,Pass,None,No
WHRM-00051,2026-07-01,Line B,Day,TS-02,FW-SIM-0.2,4.52,3.75,92.9,Pass,None,No
WHRM-00052,2026-07-01,Line A,Day,TS-02,FW-SIM-0.2,0.95,4.3,88.9,Pass,None,No
WHRM-00053,2026-07-01,Line A,Day,TS-01,FW-SIM-0.2,1.4,4.63,92.6,Pass,None,No
WHRM-00054,2026-07-01,Line C,Day,TS-02,FW-SIM-0.2,2.59,3.75,88.4,Pass,None,No
WHRM-00055,2026-07-01,Line A,Day,TS-03,FW-SIM-0.2,2.04,4.28,86.9,Pass,None,No
WHRM-00056,2026-07-01,Line B,Evening,TS-01,FW-SIM-0.2,4.53,3.57,86.3,Pass,None,No
WHRM-00057,2026-07-01,Line C,Evening,TS-01,FW-SIM-0.2,1.32,2.96,87.8,Pass,None,No
WHRM-00058,2026-07-01,Line A,Day,TS-03,FW-SIM-0.2,0.83,4.15,87.8,Pass,None,No
WHRM-00059,2026-07-01,Line A,Day,TS-01,FW-SIM-0.2,3.59,4.19,89.7,Pass,None,No
WHRM-00060,2026-07-01,Line C,Day,TS-02,FW-SIM-0.2,2.38,4.35,95.7,Pass,None,No
WHRM-00061,2026-07-01,Line C,Day,TS-02,FW-SIM-0.2,2.21,3.46,93.8,Pass,None,No
WHRM-00062,2026-07-01,Line A,Day,TS-03,FW-SIM-0.2,3.08,4.61,95.5,Pass,None,No
WHRM-00063,2026-07-01,Line C,Day,TS-01,FW-SIM-0.2,3.52,4.03,93.2,Pass,None,No
WHRM-00064,2026-07-01,Line A,Day,TS-01,FW-SIM-0.2,1.53,4.45,90.1,Pass,None,No
WHRM-00065,2026-07-01,Line A,Evening,TS-03,FW-SIM-0.2,4.55,4.99,95.3,Pass,None,No
WHRM-00066,2026-07-01,Line C,Evening,TS-02,FW-SIM-0.2,3.03,4.12,92.0,Pass,None,No
WHRM-00067,2026-07-01,Line A,Evening,TS-01,FW-SIM-0.2,2.22,4.57,92.5,Pass,None,No
WHRM-00068,2026-07-01,Line B,Evening,TS-01,FW-SIM-0.2,2.54,5.23,94.3,Fail,Slow response time,No
WHRM-00069,2026-07-01,Line A,Evening,TS-01,FW-SIM-0.2,2.38,4.85,95.4,Pass,None,No
WHRM-00070,2026-07-01,Line A,Day,TS-03,FW-SIM-0.2,2.17,4.02,96.6,Pass,None,No
WHRM-00071,2026-07-01,Line B,Day,TS-03,FW-SIM-0.2,3.85,5.99,82.6,Fail,Slow response time,Yes
WHRM-00072,2026-07-01,Line A,Evening,TS-02,FW-SIM-0.2,4.46,3.54,100.0,Pass,None,No
WHRM-00073,2026-07-01,Line A,Day,TS-01,FW-SIM-0.2,4.14,3.9,95.5,Pass,None,No
WHRM-00074,2026-07-01,Line A,Evening,TS-02,FW-SIM-0.2,1.97,4.83,84.7,Pass,None,No
WHRM-00075,2026-07-01,Line C,Evening,TS-01,FW-SIM-0.2,2.42,5.38,91.2,Fail,Slow response time,Yes
WHRM-00076,2026-07-01,Line B,Day,TS-03,FW-SIM-0.2,0.55,4.76,86.1,Pass,None,No
WHRM-00077,2026-07-01,Line A,Day,TS-02,FW-SIM-0.2,2.95,4.46,84.8,Fail,Assembly defect,Yes
WHRM-00078,2026-07-01,Line C,Evening,TS-01,FW-SIM-0.2,0.1,3.39,80.9,Fail,Low signal quality,No
WHRM-00079,2026-07-01,Line C,Evening,TS-01,FW-SIM-0.2,0.67,4.6,79.7,Fail,Low signal quality,Yes
WHRM-00080,2026-07-01,Line B,Evening,TS-03,FW-SIM-0.2,2.46,4.47,81.6,Fail,Low signal quality,Yes
WHRM-00081,2026-07-01,Line A,Day,TS-03,FW-SIM-0.2,2.92,4.01,87.0,Pass,None,No
WHRM-00082,2026-07-01,Line A,Evening,TS-01,FW-SIM-0.2,1.85,4.32,95.9,Pass,None,No
WHRM-00083,2026-07-01,Line B,Day,TS-01,FW-SIM-0.2,2.58,3.5,84.7,Pass,None,No
WHRM-00084,2026-07-01,Line A,Day,TS-01,FW-SIM-0.2,1.73,3.07,100.0,Pass,None,No
WHRM-00085,2026-07-01,Line B,Evening,TS-02,FW-SIM-0.2,1.82,4.63,93.1,Pass,None,No
WHRM-00086,2026-07-01,Line B,Day,TS-02,FW-SIM-0.2,3.34,3.42,95.6,Pass,None,No
WHRM-00087,2026-07-01,Line B,Evening,TS-01,FW-SIM-0.2,5.24,4.36,87.8,Fail,High heart-rate error,Yes
WHRM-00088,2026-07-01,Line B,Day,TS-03,FW-SIM-0.2,1.74,6.09,82.9,Fail,Slow response time,Yes
WHRM-00089,2026-07-01,Line B,Day,TS-01,FW-SIM-0.2,4.28,4.85,90.4,Pass,None,No
WHRM-00090,2026-07-02,Line B,Day,TS-01,FW-SIM-0.2,3.8,4.32,93.0,Pass,None,No
WHRM-00091,2026-07-02,Line A,Day,TS-01,FW-SIM-0.2,1.0,3.56,89.1,Pass,None,No
WHRM-00092,2026-07-02,Line A,Day,TS-01,FW-SIM-0.2,1.28,2.79,95.8,Pass,None,No
WHRM-00093,2026-07-02,Line C,Evening,TS-03,FW-SIM-0.2,1.4,4.94,84.3,Pass,None,No
WHRM-00094,2026-07-02,Line A,Day,TS-01,FW-SIM-0.2,2.36,4.79,92.4,Pass,None,No
WHRM-00095,2026-07-02,Line A,Day,TS-03,FW-SIM-0.2,0.22,4.39,83.1,Pass,None,No
WHRM-00096,2026-07-02,Line A,Day,TS-02,FW-SIM-0.2,3.46,4.35,87.5,Pass,None,No
WHRM-00097,2026-07-02,Line A,Evening,TS-03,FW-SIM-0.2,3.64,3.93,88.4,Pass,None,No
WHRM-00098,2026-07-02,Line B,Evening,TS-02,FW-SIM-0.2,1.87,4.68,92.7,Pass,None,No
WHRM-00099,2026-07-02,Line C,Evening,TS-01,FW-SIM-0.2,3.49,5.19,83.7,Fail,Slow response time,Yes
WHRM-00100,2026-07-02,Line B,Evening,TS-02,FW-SIM-0.2,3.0,4.24,93.9,Pass,None,No
WHRM-00101,2026-07-02,Line A,Day,TS-03,FW-SIM-0.2,3.23,4.71,86.1,Pass,None,No
WHRM-00102,2026-07-02,Line C,Day,TS-01,FW-SIM-0.2,1.09,4.41,89.5,Pass,None,No
WHRM-00103,2026-07-02,Line A,Day,TS-01,FW-SIM-0.2,2.29,4.4,92.5,Pass,None,No
WHRM-00104,2026-07-02,Line A,Day,TS-02,FW-SIM-0.2,2.05,3.32,88.5,Pass,None,No
WHRM-00105,2026-07-02,Line A,Day,TS-02,FW-SIM-0.2,1.58,4.47,92.1,Pass,None,No
WHRM-00106,2026-07-02,Line B,Day,TS-02,FW-SIM-0.2,2.0,5.4,86.8,Fail,Slow response time,Yes
WHRM-00107,2026-07-02,Line C,Evening,TS-03,FW-SIM-0.2,3.21,3.88,93.4,Pass,None,No
WHRM-00108,2026-07-02,Line C,Day,TS-02,FW-SIM-0.2,2.7,3.95,95.1,Pass,None,No
WHRM-00109,2026-07-02,Line B,Evening,TS-01,FW-SIM-0.2,1.52,3.82,94.4,Pass,None,No
WHRM-00110,2026-07-02,Line B,Day,TS-01,FW-SIM-0.2,5.3,5.19,90.4,Fail,High heart-rate error,No
WHRM-00111,2026-07-02,Line C,Day,TS-03,FW-SIM-0.2,2.9,4.59,83.3,Pass,None,No
WHRM-00112,2026-07-02,Line A,Day,TS-02,FW-SIM-0.2,1.41,4.29,87.8,Pass,None,No
WHRM-00113,2026-07-02,Line C,Evening,TS-03,FW-SIM-0.2,2.5,4.59,89.5,Pass,None,No
WHRM-00114,2026-07-02,Line A,Day,TS-02,FW-SIM-0.2,0.45,4.55,87.0,Pass,None,No
WHRM-00115,2026-07-02,Line B,Day,TS-03,FW-SIM-0.2,5.13,4.41,86.7,Fail,High heart-rate error,Yes
WHRM-00116,2026-07-02,Line A,Evening,TS-02,FW-SIM-0.2,2.68,3.29,92.9,Pass,None,No
WHRM-00117,2026-07-02,Line B,Day,TS-01,FW-SIM-0.2,2.21,5.3,88.3,Fail,Slow response time,Yes
WHRM-00118,2026-07-02,Line A,Evening,TS-03,FW-SIM-0.2,0.86,4.97,96.1,Pass,None,No
WHRM-00119,2026-07-02,Line B,Evening,TS-01,FW-SIM-0.2,4.62,4.06,94.8,Pass,None,No
WHRM-00120,2026-07-02,Line A,Day,TS-02,FW-SIM-0.2,1.61,3.87,94.7,Pass,None,No
WHRM-00121,2026-07-02,Line C,Evening,TS-02,FW-SIM-0.2,1.35,4.9,92.2,Pass,None,No
WHRM-00122,2026-07-02,Line B,Day,TS-02,FW-SIM-0.2,2.52,3.57,87.5,Fail,Assembly defect,Yes
WHRM-00123,2026-07-02,Line A,Day,TS-01,FW-SIM-0.2,3.23,4.1,89.3,Pass,None,No
WHRM-00124,2026-07-02,Line B,Day,TS-02,FW-SIM-0.2,3.34,3.37,95.5,Pass,None,No
WHRM-00125,2026-07-02,Line A,Evening,TS-01,FW-SIM-0.2,2.31,4.11,94.5,Pass,None,No
WHRM-00126,2026-07-02,Line C,Day,TS-03,FW-SIM-0.2,3.21,4.08,85.2,Pass,None,No
WHRM-00127,2026-07-02,Line B,Evening,TS-03,FW-SIM-0.2,3.91,2.92,86.0,Pass,None,No
WHRM-00128,2026-07-02,Line C,Evening,TS-01,FW-SIM-0.2,3.61,3.86,94.3,Pass,None,No
WHRM-00129,2026-07-02,Line C,Evening,TS-03,FW-SIM-0.2,0.23,3.78,78.6,Fail,Low signal quality,No
WHRM-00130,2026-07-02,Line B,Evening,TS-01,FW-SIM-0.2,3.54,3.95,95.3,Pass,None,No
WHRM-00131,2026-07-02,Line A,Day,TS-02,FW-SIM-0.2,0.1,4.57,85.2,Pass,None,No
WHRM-00132,2026-07-02,Line A,Evening,TS-01,FW-SIM-0.2,1.84,4.69,98.8,Pass,None,No
WHRM-00133,2026-07-02,Line A,Day,TS-01,FW-SIM-0.2,0.97,3.08,100.0,Pass,None,No
WHRM-00134,2026-07-02,Line B,Day,TS-01,FW-SIM-0.2,1.37,5.0,100.0,Fail,Slow response time,Yes
WHRM-00135,2026-07-02,Line C,Evening,TS-02,FW-SIM-0.2,3.41,2.67,96.6,Pass,None,No
WHRM-00136,2026-07-02,Line A,Day,TS-01,FW-SIM-0.2,0.65,4.07,89.7,Pass,None,No
WHRM-00137,2026-07-02,Line C,Day,TS-01,FW-SIM-0.2,1.27,5.03,93.7,Fail,Slow response time,Yes
WHRM-00138,2026-07-02,Line C,Day,TS-03,FW-SIM-0.2,2.35,4.19,84.9,Pass,None,No
WHRM-00139,2026-07-02,Line C,Evening,TS-02,FW-SIM-0.2,0.89,4.26,91.1,Pass,None,No
WHRM-00140,2026-07-02,Line B,Day,TS-03,FW-SIM-0.2,3.71,4.63,88.1,Fail,Assembly defect,No
WHRM-00141,2026-07-02,Line C,Day,TS-01,FW-SIM-0.2,5.21,4.43,91.1,Fail,High heart-rate error,Yes
WHRM-00142,2026-07-02,Line C,Evening,TS-01,FW-SIM-0.2,4.34,5.37,93.3,Fail,Slow response time,No
WHRM-00143,2026-07-02,Line B,Day,TS-01,FW-SIM-0.2,3.85,4.33,94.4,Pass,None,No
WHRM-00144,2026-07-02,Line A,Day,TS-03,FW-SIM-0.2,2.83,4.57,84.8,Fail,Assembly defect,No
WHRM-00145,2026-07-02,Line C,Evening,TS-01,FW-SIM-0.2,5.8,3.43,86.4,Fail,High heart-rate error,Yes
WHRM-00146,2026-07-02,Line A,Day,TS-01,FW-SIM-0.2,1.0,3.81,89.8,Pass,None,No
WHRM-00147,2026-07-02,Line C,Day,TS-03,FW-SIM-0.2,3.2,2.55,82.2,Pass,None,No
WHRM-00148,2026-07-02,Line B,Day,TS-01,FW-SIM-0.2,5.39,3.39,89.3,Fail,High heart-rate error,No
WHRM-00149,2026-07-02,Line B,Evening,TS-02,FW-SIM-0.2,1.3,4.26,91.5,Pass,None,No
WHRM-00150,2026-07-02,Line A,Day,TS-02,FW-SIM-0.2,2.26,3.92,87.9,Pass,None,No
WHRM-00151,2026-07-02,Line C,Day,TS-01,FW-SIM-0.2,3.54,4.18,88.8,Pass,None,No
WHRM-00152,2026-07-02,Line A,Day,TS-02,FW-SIM-0.2,2.71,4.34,89.7,Pass,None,No
WHRM-00153,2026-07-02,Line B,Day,TS-02,FW-SIM-0.2,3.36,3.8,89.6,Fail,Assembly defect,No
WHRM-00154,2026-07-02,Line A,Day,TS-03,FW-SIM-0.2,2.34,3.96,91.6,Pass,None,No
WHRM-00155,2026-07-02,Line B,Day,TS-01,FW-SIM-0.2,4.41,4.5,84.3,Pass,None,No
WHRM-00156,2026-07-02,Line A,Evening,TS-03,FW-SIM-0.2,1.48,5.38,85.9,Fail,Slow response time,Yes
WHRM-00157,2026-07-02,Line B,Day,TS-01,FW-SIM-0.2,4.29,4.26,82.0,Fail,Low signal quality,No
WHRM-00158,2026-07-02,Line C,Evening,TS-03,FW-SIM-0.2,2.29,5.21,87.0,Fail,Slow response time,Yes
WHRM-00159,2026-07-02,Line A,Evening,TS-01,FW-SIM-0.2,2.6,4.41,96.2,Pass,None,No
WHRM-00160,2026-07-02,Line B,Evening,TS-03,FW-SIM-0.2,1.66,4.36,84.3,Pass,None,No
WHRM-00161,2026-07-02,Line C,Evening,TS-02,FW-SIM-0.2,1.8,3.49,93.0,Pass,None,No
WHRM-00162,2026-07-02,Line C,Day,TS-02,FW-SIM-0.2,0.1,4.02,79.2,Fail,Low signal quality,Yes
WHRM-00163,2026-07-02,Line A,Day,TS-01,FW-SIM-0.2,4.08,3.59,93.2,Pass,None,No
WHRM-00164,2026-07-02,Line C,Day,TS-01,FW-SIM-0.2,2.22,4.05,100.0,Pass,None,No
WHRM-00165,2026-07-02,Line B,Day,TS-01,FW-SIM-0.2,2.81,4.97,88.0,Pass,None,No
WHRM-00166,2026-07-02,Line B,Day,TS-01,FW-SIM-0.2,2.68,5.14,89.2,Fail,Slow response time,No
WHRM-00167,2026-07-02,Line C,Day,TS-01,FW-SIM-0.2,0.9,2.79,90.3,Pass,None,No
WHRM-00168,2026-07-02,Line C,Day,TS-03,FW-SIM-0.2,0.1,5.42,83.2,Fail,Slow response time,Yes
WHRM-00169,2026-07-02,Line A,Day,TS-01,FW-SIM-0.2,2.71,4.14,92.8,Pass,None,No
WHRM-00170,2026-07-02,Line C,Evening,TS-01,FW-SIM-0.2,1.78,4.28,83.7,Pass,None,No
WHRM-00171,2026-07-02,Line A,Day,TS-01,FW-SIM-0.2,4.15,4.3,95.0,Pass,None,No
WHRM-00172,2026-07-02,Line C,Day,TS-01,FW-SIM-0.2,3.28,4.39,93.7,Pass,None,No
WHRM-00173,2026-07-02,Line B,Day,TS-01,FW-SIM-0.2,2.72,4.21,88.4,Pass,None,No
WHRM-00174,2026-07-02,Line C,Evening,TS-02,FW-SIM-0.2,0.87,3.9,94.2,Pass,None,No
WHRM-00175,2026-07-02,Line A,Evening,TS-02,FW-SIM-0.2,4.85,4.1,91.7,Pass,None,No
WHRM-00176,2026-07-02,Line B,Evening,TS-01,FW-SIM-0.2,3.17,3.52,97.6,Pass,None,No
WHRM-00177,2026-07-02,Line B,Day,TS-01,FW-SIM-0.2,4.79,3.87,93.8,Pass,None,No
WHRM-00178,2026-07-02,Line A,Day,TS-01,FW-SIM-0.2,1.76,3.62,100.0,Pass,None,No
WHRM-00179,2026-07-03,Line A,Day,TS-01,FW-SIM-0.2,1.38,5.15,86.2,Fail,Slow response time,Yes
WHRM-00180,2026-07-03,Line A,Day,TS-01,FW-SIM-0.2,0.1,3.51,96.4,Pass,None,No
WHRM-00181,2026-07-03,Line A,Evening,TS-01,FW-SIM-0.2,2.67,4.77,84.2,Pass,None,No
WHRM-00182,2026-07-03,Line A,Evening,TS-01,FW-SIM-0.2,4.25,3.93,92.5,Pass,None,No
WHRM-00183,2026-07-03,Line A,Evening,TS-03,FW-SIM-0.2,1.51,4.13,93.4,Pass,None,No
WHRM-00184,2026-07-03,Line C,Day,TS-01,FW-SIM-0.2,1.54,4.81,95.6,Pass,None,No
WHRM-00185,2026-07-03,Line A,Evening,TS-02,FW-SIM-0.2,4.07,4.91,100.0,Pass,None,No
WHRM-00186,2026-07-03,Line A,Day,TS-01,FW-SIM-0.2,0.4,4.88,89.7,Pass,None,No
WHRM-00187,2026-07-03,Line A,Day,TS-03,FW-SIM-0.2,4.51,4.54,98.2,Pass,None,No
WHRM-00188,2026-07-03,Line C,Day,TS-01,FW-SIM-0.2,4.3,4.37,88.4,Pass,None,No
WHRM-00189,2026-07-03,Line A,Day,TS-02,FW-SIM-0.2,2.93,4.12,95.7,Pass,None,No
WHRM-00190,2026-07-03,Line B,Day,TS-03,FW-SIM-0.2,2.98,3.98,96.7,Pass,None,No
WHRM-00191,2026-07-03,Line C,Day,TS-02,FW-SIM-0.2,4.91,4.4,87.2,Pass,None,No
WHRM-00192,2026-07-03,Line B,Day,TS-03,FW-SIM-0.2,2.99,5.88,83.3,Fail,Slow response time,Yes
WHRM-00193,2026-07-03,Line B,Evening,TS-02,FW-SIM-0.2,2.96,4.04,90.2,Pass,None,No
WHRM-00194,2026-07-03,Line B,Day,TS-03,FW-SIM-0.2,3.46,3.5,86.2,Pass,None,No
WHRM-00195,2026-07-03,Line A,Evening,TS-01,FW-SIM-0.2,3.66,4.3,89.5,Pass,None,No
WHRM-00196,2026-07-03,Line A,Evening,TS-02,FW-SIM-0.2,0.68,5.31,100.0,Fail,Slow response time,Yes
WHRM-00197,2026-07-03,Line A,Day,TS-02,FW-SIM-0.2,0.92,3.64,90.5,Pass,None,No
WHRM-00198,2026-07-03,Line B,Day,TS-01,FW-SIM-0.2,5.44,4.49,90.7,Fail,High heart-rate error,Yes
WHRM-00199,2026-07-03,Line B,Evening,TS-02,FW-SIM-0.2,3.13,4.52,92.1,Pass,None,No
WHRM-00200,2026-07-03,Line C,Day,TS-03,FW-SIM-0.2,3.05,4.59,92.7,Pass,None,No
WHRM-00201,2026-07-03,Line B,Day,TS-02,FW-SIM-0.2,1.98,3.1,92.4,Fail,Assembly defect,Yes
WHRM-00202,2026-07-03,Line B,Evening,TS-03,FW-SIM-0.2,2.84,4.7,100.0,Pass,None,No
WHRM-00203,2026-07-03,Line B,Day,TS-01,FW-SIM-0.2,1.69,4.24,95.4,Pass,None,No
WHRM-00204,2026-07-03,Line B,Evening,TS-03,FW-SIM-0.2,2.3,5.07,82.9,Fail,Slow response time,Yes
WHRM-00205,2026-07-03,Line B,Day,TS-02,FW-SIM-0.2,3.79,4.35,94.0,Pass,None,No
WHRM-00206,2026-07-03,Line A,Evening,TS-02,FW-SIM-0.2,1.32,3.55,98.1,Pass,None,No
WHRM-00207,2026-07-03,Line C,Day,TS-02,FW-SIM-0.2,3.12,4.45,80.6,Fail,Low signal quality,Yes
WHRM-00208,2026-07-03,Line C,Evening,TS-01,FW-SIM-0.2,1.8,4.95,88.9,Pass,None,No
WHRM-00209,2026-07-03,Line A,Day,TS-03,FW-SIM-0.2,4.2,3.97,87.1,Pass,None,No
WHRM-00210,2026-07-03,Line C,Day,TS-02,FW-SIM-0.2,2.98,3.42,91.1,Pass,None,No
WHRM-00211,2026-07-03,Line C,Evening,TS-01,FW-SIM-0.2,2.86,5.27,83.6,Fail,Slow response time,Yes
WHRM-00212,2026-07-03,Line A,Day,TS-03,FW-SIM-0.2,2.7,3.82,92.3,Pass,None,No
WHRM-00213,2026-07-03,Line C,Evening,TS-01,FW-SIM-0.2,1.71,4.78,95.9,Pass,None,No
WHRM-00214,2026-07-03,Line C,Day,TS-01,FW-SIM-0.2,3.88,3.95,86.1,Pass,None,No
WHRM-00215,2026-07-03,Line A,Evening,TS-02,FW-SIM-0.2,2.56,4.64,93.5,Pass,None,No
WHRM-00216,2026-07-03,Line A,Day,TS-03,FW-SIM-0.2,1.89,4.69,93.4,Pass,None,No
WHRM-00217,2026-07-03,Line C,Evening,TS-02,FW-SIM-0.2,3.41,3.91,84.7,Pass,None,No
WHRM-00218,2026-07-03,Line B,Day,TS-02,FW-SIM-0.2,2.61,3.68,99.5,Fail,Assembly defect,Yes
WHRM-00219,2026-07-03,Line B,Evening,TS-02,FW-SIM-0.2,3.99,3.46,87.5,Pass,None,No
WHRM-00220,2026-07-03,Line B,Evening,TS-01,FW-SIM-0.2,0.55,4.99,93.8,Pass,None,No
WHRM-00221,2026-07-03,Line A,Day,TS-03,FW-SIM-0.2,3.32,3.36,88.1,Pass,None,No
WHRM-00222,2026-07-03,Line C,Day,TS-03,FW-SIM-0.2,2.55,4.05,89.7,Pass,None,No
WHRM-00223,2026-07-03,Line A,Day,TS-03,FW-SIM-0.2,3.83,5.3,95.8,Fail,Slow response time,Yes
WHRM-00224,2026-07-03,Line A,Day,TS-01,FW-SIM-0.2,2.12,3.86,87.1,Pass,None,No
WHRM-00225,2026-07-03,Line B,Day,TS-01,FW-SIM-0.2,2.67,4.17,78.6,Fail,Low signal quality,No
WHRM-00226,2026-07-03,Line B,Day,TS-01,FW-SIM-0.2,2.44,3.07,95.3,Pass,None,No
WHRM-00227,2026-07-03,Line B,Day,TS-02,FW-SIM-0.2,1.16,5.38,91.7,Fail,Slow response time,No
WHRM-00228,2026-07-03,Line A,Day,TS-01,FW-SIM-0.2,1.32,4.02,91.7,Pass,None,No
WHRM-00229,2026-07-03,Line B,Day,TS-02,FW-SIM-0.2,1.52,4.0,85.5,Pass,None,No
WHRM-00230,2026-07-03,Line A,Day,TS-01,FW-SIM-0.2,3.74,5.07,90.8,Fail,Slow response time,Yes
WHRM-00231,2026-07-03,Line C,Day,TS-02,FW-SIM-0.2,2.74,4.34,91.1,Pass,None,No
WHRM-00232,2026-07-03,Line A,Evening,TS-03,FW-SIM-0.2,1.92,4.13,87.5,Pass,None,No
WHRM-00233,2026-07-03,Line A,Evening,TS-01,FW-SIM-0.2,2.66,3.98,89.3,Pass,None,No
WHRM-00234,2026-07-03,Line A,Evening,TS-01,FW-SIM-0.2,1.97,4.39,85.1,Pass,None,No
WHRM-00235,2026-07-03,Line C,Day,TS-01,FW-SIM-0.2,3.04,3.99,87.7,Pass,None,No
WHRM-00236,2026-07-03,Line C,Evening,TS-02,FW-SIM-0.2,2.54,4.07,98.5,Pass,None,No
WHRM-00237,2026-07-03,Line A,Day,TS-01,FW-SIM-0.2,3.08,4.32,90.9,Pass,None,No
WHRM-00238,2026-07-03,Line A,Day,TS-03,FW-SIM-0.2,2.92,4.11,85.9,Pass,None,No
WHRM-00239,2026-07-03,Line A,Day,TS-02,FW-SIM-0.2,1.02,4.92,100.0,Pass,None,No
WHRM-00240,2026-07-03,Line A,Day,TS-02,FW-SIM-0.2,1.54,5.78,81.7,Fail,Slow response time,Yes
WHRM-00241,2026-07-03,Line C,Day,TS-02,FW-SIM-0.2,1.94,3.64,92.9,Pass,None,No
WHRM-00242,2026-07-03,Line B,Day,TS-01,FW-SIM-0.2,2.96,4.31,92.2,Pass,None,No
WHRM-00243,2026-07-03,Line B,Evening,TS-03,FW-SIM-0.2,3.77,5.24,89.0,Fail,Slow response time,Yes
WHRM-00244,2026-07-03,Line C,Evening,TS-03,FW-SIM-0.2,3.0,4.64,82.6,Pass,None,No
WHRM-00245,2026-07-03,Line C,Day,TS-01,FW-SIM-0.2,3.07,4.76,90.4,Pass,None,No
WHRM-00246,2026-07-03,Line C,Evening,TS-01,FW-SIM-0.2,3.95,4.2,84.9,Pass,None,No
WHRM-00247,2026-07-03,Line A,Evening,TS-03,FW-SIM-0.2,0.67,4.09,87.3,Pass,None,No
WHRM-00248,2026-07-03,Line C,Evening,TS-01,FW-SIM-0.2,3.63,3.82,89.6,Pass,None,No
WHRM-00249,2026-07-03,Line A,Day,TS-02,FW-SIM-0.2,1.36,4.13,93.5,Pass,None,No
WHRM-00250,2026-07-03,Line A,Day,TS-01,FW-SIM-0.2,3.5,4.41,97.6,Pass,None,No
WHRM-00251,2026-07-03,Line A,Day,TS-03,FW-SIM-0.2,1.37,3.95,94.8,Pass,None,No
WHRM-00252,2026-07-03,Line C,Day,TS-02,FW-SIM-0.2,3.71,4.8,91.3,Pass,None,No
WHRM-00253,2026-07-03,Line A,Day,TS-01,FW-SIM-0.2,5.09,3.23,91.4,Fail,High heart-rate error,Yes
WHRM-00254,2026-07-03,Line C,Day,TS-03,FW-SIM-0.2,0.29,4.38,86.9,Pass,None,No
WHRM-00255,2026-07-03,Line A,Evening,TS-01,FW-SIM-0.2,3.15,4.62,95.6,Pass,None,No
WHRM-00256,2026-07-03,Line B,Day,TS-02,FW-SIM-0.2,3.36,3.6,94.4,Pass,None,No
WHRM-00257,2026-07-03,Line A,Evening,TS-03,FW-SIM-0.2,1.77,3.31,88.9,Pass,None,No
WHRM-00258,2026-07-03,Line B,Day,TS-01,FW-SIM-0.2,3.83,5.19,97.1,Fail,Slow response time,Yes
WHRM-00259,2026-07-03,Line A,Day,TS-02,FW-SIM-0.2,0.71,3.53,92.1,Pass,None,No
WHRM-00260,2026-07-03,Line B,Evening,TS-03,FW-SIM-0.2,3.18,2.92,86.0,Pass,None,No
WHRM-00261,2026-07-03,Line A,Evening,TS-02,FW-SIM-0.2,3.55,4.29,87.1,Pass,None,No
WHRM-00262,2026-07-03,Line C,Day,TS-01,FW-SIM-0.2,3.47,3.12,100.0,Fail,Assembly defect,Yes
WHRM-00263,2026-07-03,Line C,Day,TS-01,FW-SIM-0.2,5.55,4.57,87.5,Fail,High heart-rate error,Yes
WHRM-00264,2026-07-03,Line C,Day,TS-02,FW-SIM-0.2,3.83,4.43,92.2,Pass,None,No
WHRM-00265,2026-07-03,Line A,Evening,TS-01,FW-SIM-0.2,3.67,4.6,95.9,Pass,None,No
WHRM-00266,2026-07-03,Line C,Evening,TS-02,FW-SIM-0.2,2.22,4.07,88.6,Pass,None,No
WHRM-00267,2026-07-03,Line B,Evening,TS-03,FW-SIM-0.2,1.03,3.25,92.0,Pass,None,No
WHRM-00268,2026-07-04,Line A,Day,TS-01,FW-SIM-0.2,0.81,3.39,94.3,Pass,None,No
WHRM-00269,2026-07-04,Line A,Evening,TS-01,FW-SIM-0.2,2.33,4.94,92.6,Pass,None,No
WHRM-00270,2026-07-04,Line C,Day,TS-02,FW-SIM-0.2,2.51,4.53,80.0,Fail,Low signal quality,Yes
WHRM-00271,2026-07-04,Line A,Evening,TS-03,FW-SIM-0.2,0.51,4.91,88.5,Pass,None,No
WHRM-00272,2026-07-04,Line B,Day,TS-01,FW-SIM-0.2,3.08,4.07,92.4,Pass,None,No
WHRM-00273,2026-07-04,Line A,Day,TS-01,FW-SIM-0.2,3.33,4.54,98.1,Pass,None,No
WHRM-00274,2026-07-04,Line B,Day,TS-03,FW-SIM-0.2,0.28,4.94,89.5,Pass,None,No
WHRM-00275,2026-07-04,Line C,Day,TS-01,FW-SIM-0.2,1.87,3.78,91.2,Pass,None,No
WHRM-00276,2026-07-04,Line B,Evening,TS-01,FW-SIM-0.2,4.81,4.94,98.5,Pass,None,No
WHRM-00277,2026-07-04,Line A,Evening,TS-01,FW-SIM-0.2,3.26,4.44,85.9,Pass,None,No
WHRM-00278,2026-07-04,Line B,Day,TS-03,FW-SIM-0.2,2.81,3.84,83.3,Pass,None,No
WHRM-00279,2026-07-04,Line A,Day,TS-02,FW-SIM-0.2,2.24,4.82,86.3,Pass,None,No
WHRM-00280,2026-07-04,Line A,Day,TS-03,FW-SIM-0.2,1.78,4.91,81.0,Fail,Low signal quality,Yes
WHRM-00281,2026-07-04,Line C,Day,TS-01,FW-SIM-0.2,2.19,3.32,92.7,Pass,None,No
WHRM-00282,2026-07-04,Line B,Day,TS-02,FW-SIM-0.2,1.74,4.58,99.4,Pass,None,No
WHRM-00283,2026-07-04,Line B,Evening,TS-02,FW-SIM-0.2,2.94,4.84,87.9,Pass,None,No
WHRM-00284,2026-07-04,Line A,Day,TS-01,FW-SIM-0.2,4.6,5.05,91.5,Fail,Slow response time,No
WHRM-00285,2026-07-04,Line A,Day,TS-03,FW-SIM-0.2,3.37,4.69,78.7,Fail,Low signal quality,Yes
WHRM-00286,2026-07-04,Line B,Day,TS-02,FW-SIM-0.2,7.32,4.16,87.5,Fail,High heart-rate error,Yes
WHRM-00287,2026-07-04,Line C,Evening,TS-02,FW-SIM-0.2,2.02,2.84,80.4,Fail,Low signal quality,Yes
WHRM-00288,2026-07-04,Line C,Day,TS-03,FW-SIM-0.2,1.56,3.69,82.3,Pass,None,No
WHRM-00289,2026-07-04,Line B,Evening,TS-01,FW-SIM-0.2,4.65,3.24,84.5,Pass,None,No
WHRM-00290,2026-07-04,Line A,Evening,TS-02,FW-SIM-0.2,0.1,4.11,100.0,Fail,Cosmetic defect,No
WHRM-00291,2026-07-04,Line A,Evening,TS-02,FW-SIM-0.2,2.29,3.1,84.7,Fail,Assembly defect,Yes
WHRM-00292,2026-07-04,Line A,Day,TS-01,FW-SIM-0.2,3.29,5.55,80.1,Fail,Slow response time,Yes
WHRM-00293,2026-07-04,Line A,Evening,TS-01,FW-SIM-0.2,2.91,3.89,88.5,Pass,None,No
WHRM-00294,2026-07-04,Line B,Day,TS-03,FW-SIM-0.2,3.13,5.14,85.3,Fail,Slow response time,Yes
WHRM-00295,2026-07-04,Line A,Day,TS-01,FW-SIM-0.2,2.12,3.57,90.3,Pass,None,No
WHRM-00296,2026-07-04,Line C,Day,TS-01,FW-SIM-0.2,2.0,4.62,88.9,Pass,None,No
WHRM-00297,2026-07-04,Line A,Day,TS-02,FW-SIM-0.2,4.19,4.55,80.1,Fail,Low signal quality,Yes
WHRM-00298,2026-07-04,Line B,Day,TS-01,FW-SIM-0.2,2.06,4.92,98.0,Pass,None,No
WHRM-00299,2026-07-04,Line C,Day,TS-02,FW-SIM-0.2,1.47,5.32,92.6,Fail,Slow response time,No
WHRM-00300,2026-07-04,Line B,Evening,TS-02,FW-SIM-0.2,4.94,4.45,91.7,Pass,None,No
WHRM-00301,2026-07-04,Line B,Evening,TS-03,FW-SIM-0.2,3.25,5.3,86.6,Fail,Slow response time,Yes
WHRM-00302,2026-07-04,Line B,Day,TS-02,FW-SIM-0.2,2.91,3.21,92.6,Pass,None,No
WHRM-00303,2026-07-04,Line C,Day,TS-02,FW-SIM-0.2,1.56,4.66,90.8,Pass,None,No
WHRM-00304,2026-07-04,Line A,Day,TS-02,FW-SIM-0.2,0.72,5.39,91.7,Fail,Slow response time,No
WHRM-00305,2026-07-04,Line B,Day,TS-01,FW-SIM-0.2,2.51,3.6,92.4,Pass,None,No
WHRM-00306,2026-07-04,Line C,Day,TS-01,FW-SIM-0.2,4.15,2.68,98.3,Pass,None,No
WHRM-00307,2026-07-04,Line A,Evening,TS-02,FW-SIM-0.2,4.96,4.5,92.0,Pass,None,No
WHRM-00308,2026-07-04,Line C,Evening,TS-02,FW-SIM-0.2,3.04,3.46,92.9,Pass,None,No
WHRM-00309,2026-07-04,Line B,Day,TS-01,FW-SIM-0.2,0.8,4.74,93.3,Pass,None,No
WHRM-00310,2026-07-04,Line C,Evening,TS-01,FW-SIM-0.2,4.13,3.84,88.4,Pass,None,No
WHRM-00311,2026-07-04,Line B,Day,TS-01,FW-SIM-0.2,2.63,4.66,89.8,Pass,None,No
WHRM-00312,2026-07-04,Line B,Day,TS-03,FW-SIM-0.2,0.37,3.44,89.0,Pass,None,No
WHRM-00313,2026-07-04,Line A,Evening,TS-02,FW-SIM-0.2,3.85,4.11,87.5,Pass,None,No
WHRM-00314,2026-07-04,Line C,Evening,TS-02,FW-SIM-0.2,2.59,3.28,92.3,Pass,None,No
WHRM-00315,2026-07-04,Line A,Day,TS-01,FW-SIM-0.2,2.14,3.71,100.0,Pass,None,No
WHRM-00316,2026-07-04,Line B,Day,TS-03,FW-SIM-0.2,3.99,4.49,88.4,Pass,None,No
WHRM-00317,2026-07-04,Line C,Day,TS-02,FW-SIM-0.2,2.76,4.69,88.1,Pass,None,No
WHRM-00318,2026-07-04,Line B,Evening,TS-02,FW-SIM-0.2,2.62,3.69,88.8,Pass,None,No
WHRM-00319,2026-07-04,Line A,Day,TS-02,FW-SIM-0.2,2.81,3.36,98.8,Pass,None,No
WHRM-00320,2026-07-04,Line B,Day,TS-03,FW-SIM-0.2,4.12,4.57,93.2,Pass,None,No
WHRM-00321,2026-07-04,Line A,Day,TS-02,FW-SIM-0.2,0.1,2.87,99.8,Pass,None,No
WHRM-00322,2026-07-04,Line C,Evening,TS-02,FW-SIM-0.2,3.42,5.0,90.5,Pass,None,No
WHRM-00323,2026-07-04,Line A,Evening,TS-02,FW-SIM-0.2,2.02,5.55,87.5,Fail,Cosmetic defect,Yes
WHRM-00324,2026-07-04,Line C,Evening,TS-01,FW-SIM-0.2,1.31,4.19,87.0,Pass,None,No
WHRM-00325,2026-07-04,Line B,Evening,TS-01,FW-SIM-0.2,2.39,3.48,91.4,Pass,None,No
WHRM-00326,2026-07-04,Line B,Day,TS-01,FW-SIM-0.2,3.08,4.54,90.0,Pass,None,No
WHRM-00327,2026-07-04,Line B,Evening,TS-01,FW-SIM-0.2,2.5,3.54,98.2,Pass,None,No
WHRM-00328,2026-07-04,Line A,Day,TS-02,FW-SIM-0.2,3.49,3.91,99.7,Pass,None,No
WHRM-00329,2026-07-04,Line A,Evening,TS-01,FW-SIM-0.2,1.95,4.53,90.3,Pass,None,No
WHRM-00330,2026-07-04,Line B,Evening,TS-01,FW-SIM-0.2,0.97,4.28,84.1,Pass,None,No
WHRM-00331,2026-07-04,Line B,Day,TS-03,FW-SIM-0.2,1.31,5.09,80.4,Fail,Slow response time,Yes
WHRM-00332,2026-07-04,Line B,Evening,TS-03,FW-SIM-0.2,2.14,4.78,90.2,Pass,None,No
WHRM-00333,2026-07-04,Line A,Evening,TS-01,FW-SIM-0.2,3.59,3.99,94.1,Pass,None,No
WHRM-00334,2026-07-04,Line A,Day,TS-01,FW-SIM-0.2,1.76,4.87,90.5,Pass,None,No
WHRM-00335,2026-07-04,Line C,Day,TS-02,FW-SIM-0.2,2.12,4.34,95.0,Pass,None,No
WHRM-00336,2026-07-04,Line B,Day,TS-02,FW-SIM-0.2,1.94,4.91,90.3,Pass,None,No
WHRM-00337,2026-07-04,Line B,Day,TS-01,FW-SIM-0.2,1.86,5.05,88.8,Fail,Slow response time,Yes
WHRM-00338,2026-07-04,Line A,Day,TS-02,FW-SIM-0.2,4.43,3.82,100.0,Pass,None,No
WHRM-00339,2026-07-04,Line B,Evening,TS-02,FW-SIM-0.2,5.62,4.18,93.6,Fail,High heart-rate error,Yes
WHRM-00340,2026-07-04,Line A,Day,TS-02,FW-SIM-0.2,3.27,3.76,89.1,Pass,None,No
WHRM-00341,2026-07-04,Line B,Day,TS-01,FW-SIM-0.2,5.34,5.13,89.5,Fail,High heart-rate error,No
WHRM-00342,2026-07-04,Line A,Day,TS-02,FW-SIM-0.2,5.23,3.85,95.0,Fail,High heart-rate error,Yes
WHRM-00343,2026-07-04,Line A,Day,TS-01,FW-SIM-0.2,3.57,2.97,86.5,Pass,None,No
WHRM-00344,2026-07-04,Line A,Day,TS-01,FW-SIM-0.2,3.68,3.89,92.5,Pass,None,No
WHRM-00345,2026-07-04,Line C,Day,TS-01,FW-SIM-0.2,1.5,4.81,94.5,Pass,None,No
WHRM-00346,2026-07-04,Line B,Evening,TS-01,FW-SIM-0.2,0.99,4.19,95.5,Pass,None,No
WHRM-00347,2026-07-04,Line A,Day,TS-01,FW-SIM-0.2,0.75,4.84,92.9,Fail,Cosmetic defect,Yes
WHRM-00348,2026-07-04,Line B,Day,TS-01,FW-SIM-0.2,4.26,3.52,92.4,Pass,None,No
WHRM-00349,2026-07-04,Line B,Day,TS-03,FW-SIM-0.2,2.92,4.21,91.6,Pass,None,No
WHRM-00350,2026-07-04,Line A,Day,TS-01,FW-SIM-0.2,1.53,4.96,100.0,Pass,None,No
WHRM-00351,2026-07-04,Line A,Evening,TS-01,FW-SIM-0.2,1.98,3.66,84.6,Pass,None,No
WHRM-00352,2026-07-04,Line C,Day,TS-03,FW-SIM-0.2,2.19,5.1,91.5,Fail,Slow response time,Yes
WHRM-00353,2026-07-04,Line C,Evening,TS-02,FW-SIM-0.2,2.16,3.79,88.2,Pass,None,No
WHRM-00354,2026-07-04,Line B,Evening,TS-03,FW-SIM-0.2,2.54,4.53,88.3,Pass,None,No
WHRM-00355,2026-07-04,Line B,Day,TS-02,FW-SIM-0.2,3.89,5.65,91.6,Fail,Slow response time,Yes
WHRM-00356,2026-07-04,Line B,Evening,TS-01,FW-SIM-0.2,0.63,4.74,100.0,Fail,Assembly defect,Yes
WHRM-00357,2026-07-05,Line A,Day,TS-03,FW-SIM-0.2,2.71,4.51,85.9,Pass,None,No
WHRM-00358,2026-07-05,Line B,Day,TS-02,FW-SIM-0.2,0.88,4.12,86.7,Pass,None,No
WHRM-00359,2026-07-05,Line A,Evening,TS-01,FW-SIM-0.2,0.1,5.66,92.6,Fail,Slow response time,No
WHRM-00360,2026-07-05,Line A,Evening,TS-02,FW-SIM-0.2,3.61,3.63,96.0,Pass,None,No
WHRM-00361,2026-07-05,Line A,Day,TS-03,FW-SIM-0.2,0.19,4.99,89.0,Pass,None,No
WHRM-00362,2026-07-05,Line C,Evening,TS-03,FW-SIM-0.2,1.42,4.95,89.7,Pass,None,No
WHRM-00363,2026-07-05,Line B,Day,TS-01,FW-SIM-0.2,3.43,4.74,95.0,Pass,None,No
WHRM-00364,2026-07-05,Line A,Day,TS-03,FW-SIM-0.2,3.98,3.54,83.8,Pass,None,No
WHRM-00365,2026-07-05,Line A,Day,TS-01,FW-SIM-0.2,3.13,4.36,98.2,Pass,None,No
WHRM-00366,2026-07-05,Line A,Day,TS-01,FW-SIM-0.2,1.97,3.2,90.2,Pass,None,No
WHRM-00367,2026-07-05,Line B,Day,TS-01,FW-SIM-0.2,2.13,4.54,88.1,Pass,None,No
WHRM-00368,2026-07-05,Line B,Day,TS-02,FW-SIM-0.2,2.89,3.7,85.0,Pass,None,No
WHRM-00369,2026-07-05,Line B,Day,TS-02,FW-SIM-0.2,4.17,3.72,95.6,Pass,None,No
WHRM-00370,2026-07-05,Line C,Day,TS-01,FW-SIM-0.2,3.27,5.01,90.0,Fail,Slow response time,Yes
WHRM-00371,2026-07-05,Line C,Evening,TS-03,FW-SIM-0.2,0.1,4.12,95.1,Pass,None,No
WHRM-00372,2026-07-05,Line A,Day,TS-01,FW-SIM-0.2,2.33,3.7,95.8,Pass,None,No
WHRM-00373,2026-07-05,Line B,Day,TS-01,FW-SIM-0.2,3.72,4.08,90.1,Pass,None,No
WHRM-00374,2026-07-05,Line B,Day,TS-01,FW-SIM-0.2,7.07,3.86,97.8,Fail,High heart-rate error,Yes
WHRM-00375,2026-07-05,Line A,Evening,TS-03,FW-SIM-0.2,4.4,4.77,92.0,Pass,None,No
WHRM-00376,2026-07-05,Line A,Evening,TS-01,FW-SIM-0.2,1.3,4.27,96.9,Pass,None,No
WHRM-00377,2026-07-05,Line A,Day,TS-01,FW-SIM-0.2,3.64,4.19,86.8,Pass,None,No
WHRM-00378,2026-07-05,Line B,Day,TS-03,FW-SIM-0.2,1.9,3.86,90.1,Pass,None,No
WHRM-00379,2026-07-05,Line C,Day,TS-02,FW-SIM-0.2,2.66,3.8,91.5,Pass,None,No
WHRM-00380,2026-07-05,Line A,Day,TS-01,FW-SIM-0.2,3.33,3.56,97.0,Pass,None,No
WHRM-00381,2026-07-05,Line A,Day,TS-02,FW-SIM-0.2,0.57,4.59,98.9,Pass,None,No
WHRM-00382,2026-07-05,Line A,Day,TS-01,FW-SIM-0.2,4.45,3.69,100.0,Pass,None,No
WHRM-00383,2026-07-05,Line B,Day,TS-02,FW-SIM-0.2,1.56,4.26,97.1,Pass,None,No
WHRM-00384,2026-07-05,Line A,Day,TS-01,FW-SIM-0.2,3.47,4.24,93.8,Pass,None,No
WHRM-00385,2026-07-05,Line A,Day,TS-01,FW-SIM-0.2,0.1,3.69,85.6,Pass,None,No
WHRM-00386,2026-07-05,Line C,Day,TS-01,FW-SIM-0.2,2.06,3.55,91.3,Pass,None,No
WHRM-00387,2026-07-05,Line A,Day,TS-01,FW-SIM-0.2,0.84,5.31,94.6,Fail,Slow response time,No
WHRM-00388,2026-07-05,Line C,Day,TS-03,FW-SIM-0.2,2.15,3.75,94.7,Pass,None,No
WHRM-00389,2026-07-05,Line A,Day,TS-02,FW-SIM-0.2,2.46,5.1,96.9,Fail,Slow response time,No
WHRM-00390,2026-07-05,Line A,Evening,TS-01,FW-SIM-0.2,1.83,4.25,93.1,Pass,None,No
WHRM-00391,2026-07-05,Line A,Day,TS-01,FW-SIM-0.2,2.89,3.44,90.8,Pass,None,No
WHRM-00392,2026-07-05,Line A,Evening,TS-03,FW-SIM-0.2,0.1,4.53,85.0,Pass,None,No
WHRM-00393,2026-07-05,Line A,Evening,TS-01,FW-SIM-0.2,3.11,5.39,95.7,Fail,Slow response time,No
WHRM-00394,2026-07-05,Line C,Day,TS-03,FW-SIM-0.2,2.23,4.33,95.0,Pass,None,No
WHRM-00395,2026-07-05,Line A,Day,TS-02,FW-SIM-0.2,5.18,3.39,89.1,Fail,High heart-rate error,Yes
WHRM-00396,2026-07-05,Line C,Evening,TS-02,FW-SIM-0.2,3.65,4.04,84.9,Pass,None,No
WHRM-00397,2026-07-05,Line A,Day,TS-03,FW-SIM-0.2,0.62,5.33,80.0,Fail,Slow response time,Yes
WHRM-00398,2026-07-05,Line A,Day,TS-01,FW-SIM-0.2,4.31,4.75,93.8,Pass,None,No
WHRM-00399,2026-07-05,Line C,Evening,TS-01,FW-SIM-0.2,2.65,4.89,98.9,Pass,None,No
WHRM-00400,2026-07-05,Line A,Evening,TS-03,FW-SIM-0.2,2.35,4.86,87.2,Pass,None,No
WHRM-00401,2026-07-05,Line B,Evening,TS-01,FW-SIM-0.2,3.18,3.94,93.0,Pass,None,No
WHRM-00402,2026-07-05,Line A,Day,TS-02,FW-SIM-0.2,4.19,3.53,90.0,Pass,None,No
WHRM-00403,2026-07-05,Line B,Evening,TS-01,FW-SIM-0.2,0.37,4.44,92.5,Pass,None,No
WHRM-00404,2026-07-05,Line C,Day,TS-01,FW-SIM-0.2,3.51,4.76,92.8,Pass,None,No
WHRM-00405,2026-07-05,Line A,Day,TS-01,FW-SIM-0.2,3.62,4.14,95.3,Pass,None,No
WHRM-00406,2026-07-05,Line C,Day,TS-03,FW-SIM-0.2,0.95,5.46,92.3,Fail,Slow response time,No
WHRM-00407,2026-07-05,Line A,Day,TS-03,FW-SIM-0.2,3.79,4.33,82.5,Pass,None,No
WHRM-00408,2026-07-05,Line A,Evening,TS-01,FW-SIM-0.2,3.34,4.81,94.8,Pass,None,No
WHRM-00409,2026-07-05,Line B,Day,TS-02,FW-SIM-0.2,4.85,4.86,91.8,Pass,None,No
WHRM-00410,2026-07-05,Line B,Evening,TS-01,FW-SIM-0.2,1.39,4.18,88.0,Pass,None,No
WHRM-00411,2026-07-05,Line C,Day,TS-01,FW-SIM-0.2,3.15,5.47,93.8,Fail,Slow response time,Yes
WHRM-00412,2026-07-05,Line A,Evening,TS-01,FW-SIM-0.2,2.14,4.43,85.2,Pass,None,No
WHRM-00413,2026-07-05,Line A,Evening,TS-01,FW-SIM-0.2,3.32,5.13,91.1,Fail,Slow response time,Yes
WHRM-00414,2026-07-05,Line B,Evening,TS-02,FW-SIM-0.2,1.82,4.72,95.8,Pass,None,No
WHRM-00415,2026-07-05,Line C,Day,TS-02,FW-SIM-0.2,1.94,4.21,96.0,Pass,None,No
WHRM-00416,2026-07-05,Line A,Day,TS-02,FW-SIM-0.2,4.84,3.78,84.9,Pass,None,No
WHRM-00417,2026-07-05,Line C,Evening,TS-02,FW-SIM-0.2,5.03,3.75,94.3,Fail,High heart-rate error,No
WHRM-00418,2026-07-05,Line C,Day,TS-03,FW-SIM-0.2,1.05,3.83,90.7,Pass,None,No
WHRM-00419,2026-07-05,Line B,Evening,TS-02,FW-SIM-0.2,0.69,4.44,87.2,Pass,None,No
WHRM-00420,2026-07-05,Line B,Day,TS-03,FW-SIM-0.2,2.8,4.96,96.2,Pass,None,No
WHRM-00421,2026-07-05,Line A,Day,TS-01,FW-SIM-0.2,2.96,4.6,90.0,Pass,None,No
WHRM-00422,2026-07-05,Line A,Day,TS-01,FW-SIM-0.2,2.61,4.65,99.6,Pass,None,No
WHRM-00423,2026-07-05,Line A,Day,TS-02,FW-SIM-0.2,0.88,4.48,90.8,Pass,None,No
WHRM-00424,2026-07-05,Line A,Day,TS-02,FW-SIM-0.2,3.19,3.87,90.1,Pass,None,No
WHRM-00425,2026-07-05,Line A,Day,TS-01,FW-SIM-0.2,1.93,4.68,97.8,Pass,None,No
WHRM-00426,2026-07-05,Line B,Evening,TS-03,FW-SIM-0.2,2.66,4.51,85.9,Pass,None,No
WHRM-00427,2026-07-05,Line B,Day,TS-01,FW-SIM-0.2,1.72,4.61,97.3,Pass,None,No
WHRM-00428,2026-07-05,Line A,Day,TS-02,FW-SIM-0.2,1.82,5.68,83.9,Fail,Slow response time,Yes
WHRM-00429,2026-07-05,Line A,Day,TS-02,FW-SIM-0.2,2.96,3.48,99.4,Pass,None,No
WHRM-00430,2026-07-05,Line B,Day,TS-03,FW-SIM-0.2,4.64,2.8,88.5,Pass,None,No
WHRM-00431,2026-07-05,Line A,Day,TS-01,FW-SIM-0.2,5.03,3.29,82.5,Fail,High heart-rate error,Yes
WHRM-00432,2026-07-05,Line A,Evening,TS-03,FW-SIM-0.2,3.47,5.15,85.6,Fail,Slow response time,Yes
WHRM-00433,2026-07-05,Line B,Day,TS-03,FW-SIM-0.2,1.75,4.56,78.9,Fail,Low signal quality,Yes
WHRM-00434,2026-07-05,Line B,Evening,TS-02,FW-SIM-0.2,1.99,5.39,84.1,Fail,Slow response time,Yes
WHRM-00435,2026-07-05,Line A,Evening,TS-03,FW-SIM-0.2,2.63,3.87,99.3,Pass,None,No
WHRM-00436,2026-07-05,Line C,Evening,TS-01,FW-SIM-0.2,1.93,4.94,91.8,Pass,None,No
WHRM-00437,2026-07-05,Line A,Day,TS-01,FW-SIM-0.2,1.24,4.07,95.5,Pass,None,No
WHRM-00438,2026-07-05,Line A,Day,TS-03,FW-SIM-0.2,1.93,3.65,91.9,Pass,None,No
WHRM-00439,2026-07-05,Line B,Evening,TS-02,FW-SIM-0.2,3.65,3.32,84.8,Pass,None,No
WHRM-00440,2026-07-05,Line B,Evening,TS-02,FW-SIM-0.2,1.82,3.79,92.9,Pass,None,No
WHRM-00441,2026-07-05,Line A,Day,TS-02,FW-SIM-0.2,0.27,4.89,100.0,Pass,None,No
WHRM-00442,2026-07-05,Line A,Day,TS-03,FW-SIM-0.2,2.56,4.58,88.9,Pass,None,No
WHRM-00443,2026-07-05,Line A,Day,TS-02,FW-SIM-0.2,0.5,5.15,95.1,Fail,Slow response time,Yes
WHRM-00444,2026-07-05,Line B,Day,TS-02,FW-SIM-0.2,1.94,4.32,88.5,Pass,None,No
WHRM-00445,2026-07-05,Line A,Day,TS-03,FW-SIM-0.2,2.31,5.3,90.9,Fail,Slow response time,Yes
WHRM-00446,2026-07-06,Line B,Evening,TS-02,FW-SIM-0.2,6.41,3.71,86.1,Fail,High heart-rate error,Yes
WHRM-00447,2026-07-06,Line B,Evening,TS-02,FW-SIM-0.2,4.63,4.9,93.7,Pass,None,No
WHRM-00448,2026-07-06,Line A,Evening,TS-02,FW-SIM-0.2,1.73,4.12,84.3,Pass,None,No
WHRM-00449,2026-07-06,Line B,Day,TS-02,FW-SIM-0.2,4.64,5.3,91.4,Fail,Slow response time,Yes
WHRM-00450,2026-07-06,Line A,Day,TS-02,FW-SIM-0.2,2.08,4.87,98.2,Pass,None,No
WHRM-00451,2026-07-06,Line A,Evening,TS-02,FW-SIM-0.2,2.8,4.74,93.2,Fail,Assembly defect,Yes
WHRM-00452,2026-07-06,Line B,Day,TS-03,FW-SIM-0.2,1.67,4.53,99.8,Pass,None,No
WHRM-00453,2026-07-06,Line B,Evening,TS-01,FW-SIM-0.2,4.33,4.05,90.1,Pass,None,No
WHRM-00454,2026-07-06,Line A,Evening,TS-01,FW-SIM-0.2,3.12,3.85,86.8,Pass,None,No
WHRM-00455,2026-07-06,Line B,Day,TS-02,FW-SIM-0.2,3.37,4.06,94.2,Pass,None,No
WHRM-00456,2026-07-06,Line A,Evening,TS-02,FW-SIM-0.2,0.69,5.16,100.0,Fail,Slow response time,Yes
WHRM-00457,2026-07-06,Line C,Evening,TS-03,FW-SIM-0.2,0.65,5.01,83.4,Fail,Slow response time,Yes
WHRM-00458,2026-07-06,Line B,Day,TS-01,FW-SIM-0.2,1.17,4.71,85.0,Pass,None,No
WHRM-00459,2026-07-06,Line C,Evening,TS-03,FW-SIM-0.2,3.66,4.46,93.2,Pass,None,No
WHRM-00460,2026-07-06,Line C,Evening,TS-01,FW-SIM-0.2,1.59,3.32,91.9,Pass,None,No
WHRM-00461,2026-07-06,Line C,Day,TS-03,FW-SIM-0.2,4.16,3.0,88.5,Pass,None,No
WHRM-00462,2026-07-06,Line A,Day,TS-01,FW-SIM-0.2,3.0,4.71,92.0,Pass,None,No
WHRM-00463,2026-07-06,Line B,Evening,TS-02,FW-SIM-0.2,3.79,4.14,95.7,Pass,None,No
WHRM-00464,2026-07-06,Line C,Evening,TS-03,FW-SIM-0.2,1.73,4.25,87.5,Pass,None,No
WHRM-00465,2026-07-06,Line C,Day,TS-03,FW-SIM-0.2,1.33,4.71,98.7,Pass,None,No
WHRM-00466,2026-07-06,Line C,Evening,TS-02,FW-SIM-0.2,0.68,4.25,90.1,Pass,None,No
WHRM-00467,2026-07-06,Line A,Day,TS-01,FW-SIM-0.2,3.45,4.1,90.8,Pass,None,No
WHRM-00468,2026-07-06,Line A,Evening,TS-01,FW-SIM-0.2,3.15,5.12,93.0,Fail,Slow response time,Yes
WHRM-00469,2026-07-06,Line A,Evening,TS-01,FW-SIM-0.2,2.04,4.05,90.0,Pass,None,No
WHRM-00470,2026-07-06,Line B,Day,TS-01,FW-SIM-0.2,0.72,3.1,100.0,Pass,None,No
WHRM-00471,2026-07-06,Line A,Day,TS-03,FW-SIM-0.2,1.06,4.46,84.0,Pass,None,No
WHRM-00472,2026-07-06,Line A,Evening,TS-01,FW-SIM-0.2,2.4,4.51,91.2,Pass,None,No
WHRM-00473,2026-07-06,Line C,Day,TS-01,FW-SIM-0.2,4.21,5.03,90.1,Fail,Slow response time,Yes
WHRM-00474,2026-07-06,Line A,Day,TS-01,FW-SIM-0.2,3.16,4.65,86.5,Pass,None,No
WHRM-00475,2026-07-06,Line A,Evening,TS-01,FW-SIM-0.2,2.01,3.33,88.7,Pass,None,No
WHRM-00476,2026-07-06,Line B,Day,TS-03,FW-SIM-0.2,2.86,3.83,85.5,Pass,None,No
WHRM-00477,2026-07-06,Line B,Evening,TS-01,FW-SIM-0.2,3.98,3.72,92.2,Pass,None,No
WHRM-00478,2026-07-06,Line B,Day,TS-01,FW-SIM-0.2,3.36,4.66,94.1,Pass,None,No
WHRM-00479,2026-07-06,Line A,Day,TS-01,FW-SIM-0.2,2.86,4.29,94.9,Fail,Assembly defect,No
WHRM-00480,2026-07-06,Line B,Evening,TS-01,FW-SIM-0.2,3.68,4.82,98.7,Pass,None,No
WHRM-00481,2026-07-06,Line A,Day,TS-02,FW-SIM-0.2,0.1,4.27,92.5,Pass,None,No
WHRM-00482,2026-07-06,Line B,Day,TS-01,FW-SIM-0.2,3.57,4.23,88.3,Pass,None,No
WHRM-00483,2026-07-06,Line C,Day,TS-03,FW-SIM-0.2,3.34,4.81,80.3,Fail,Low signal quality,Yes
WHRM-00484,2026-07-06,Line A,Day,TS-02,FW-SIM-0.2,2.09,3.95,88.1,Fail,Assembly defect,Yes
WHRM-00485,2026-07-06,Line A,Day,TS-02,FW-SIM-0.2,2.49,3.72,90.6,Pass,None,No
WHRM-00486,2026-07-06,Line B,Evening,TS-02,FW-SIM-0.2,2.24,4.31,91.8,Pass,None,No
WHRM-00487,2026-07-06,Line B,Day,TS-02,FW-SIM-0.2,2.07,4.19,94.6,Pass,None,No
WHRM-00488,2026-07-06,Line A,Day,TS-02,FW-SIM-0.2,2.01,3.54,83.1,Pass,None,No
WHRM-00489,2026-07-06,Line B,Day,TS-01,FW-SIM-0.2,2.36,4.48,91.7,Pass,None,No
WHRM-00490,2026-07-06,Line B,Day,TS-02,FW-SIM-0.2,4.26,4.71,97.7,Pass,None,No
WHRM-00491,2026-07-06,Line A,Day,TS-02,FW-SIM-0.2,0.56,4.49,99.1,Pass,None,No
WHRM-00492,2026-07-06,Line B,Evening,TS-02,FW-SIM-0.2,3.11,5.41,85.6,Fail,Slow response time,Yes
WHRM-00493,2026-07-06,Line A,Day,TS-01,FW-SIM-0.2,5.44,3.17,89.0,Fail,High heart-rate error,Yes
WHRM-00494,2026-07-06,Line A,Evening,TS-03,FW-SIM-0.2,2.32,4.43,89.8,Pass,None,No
WHRM-00495,2026-07-06,Line A,Day,TS-02,FW-SIM-0.2,2.14,5.92,88.9,Fail,Slow response time,No
WHRM-00496,2026-07-06,Line A,Day,TS-01,FW-SIM-0.2,3.09,5.25,98.6,Fail,Slow response time,No
WHRM-00497,2026-07-06,Line B,Day,TS-02,FW-SIM-0.2,4.31,4.11,100.0,Pass,None,No
WHRM-00498,2026-07-06,Line C,Day,TS-03,FW-SIM-0.2,1.1,3.68,89.0,Pass,None,No
WHRM-00499,2026-07-06,Line A,Day,TS-03,FW-SIM-0.2,3.68,4.45,88.9,Pass,None,No
WHRM-00500,2026-07-06,Line A,Day,TS-03,FW-SIM-0.2,1.93,4.2,84.0,Pass,None,No
WHRM-00501,2026-07-06,Line B,Day,TS-02,FW-SIM-0.2,0.1,4.47,92.3,Pass,None,No
WHRM-00502,2026-07-06,Line B,Day,TS-01,FW-SIM-0.2,4.7,3.85,95.8,Pass,None,No
WHRM-00503,2026-07-06,Line B,Day,TS-02,FW-SIM-0.2,2.6,5.3,79.7,Fail,Slow response time,No
WHRM-00504,2026-07-06,Line A,Day,TS-02,FW-SIM-0.2,3.3,2.74,88.2,Pass,None,No
WHRM-00505,2026-07-06,Line A,Day,TS-01,FW-SIM-0.2,3.51,4.78,86.2,Pass,None,No
WHRM-00506,2026-07-06,Line A,Evening,TS-01,FW-SIM-0.2,2.23,3.56,91.2,Pass,None,No
WHRM-00507,2026-07-06,Line A,Day,TS-03,FW-SIM-0.2,2.08,2.93,77.1,Fail,Low signal quality,No
WHRM-00508,2026-07-06,Line A,Day,TS-03,FW-SIM-0.2,3.58,3.49,86.9,Pass,None,No
WHRM-00509,2026-07-06,Line A,Day,TS-01,FW-SIM-0.2,3.82,3.85,98.4,Pass,None,No
WHRM-00510,2026-07-06,Line C,Day,TS-01,FW-SIM-0.2,3.31,3.69,90.6,Pass,None,No
WHRM-00511,2026-07-06,Line C,Day,TS-03,FW-SIM-0.2,1.59,4.3,89.3,Pass,None,No
WHRM-00512,2026-07-06,Line B,Evening,TS-01,FW-SIM-0.2,3.68,4.87,90.1,Pass,None,No
WHRM-00513,2026-07-06,Line C,Evening,TS-01,FW-SIM-0.2,1.71,4.5,90.9,Pass,None,No
WHRM-00514,2026-07-06,Line A,Day,TS-01,FW-SIM-0.2,1.19,4.74,96.2,Pass,None,No
WHRM-00515,2026-07-06,Line A,Day,TS-01,FW-SIM-0.2,1.27,4.56,91.9,Pass,None,No
WHRM-00516,2026-07-06,Line A,Day,TS-02,FW-SIM-0.2,3.23,5.04,90.0,Fail,Cosmetic defect,No
WHRM-00517,2026-07-06,Line C,Day,TS-03,FW-SIM-0.2,3.11,3.92,93.0,Pass,None,No
WHRM-00518,2026-07-06,Line B,Evening,TS-01,FW-SIM-0.2,4.89,4.66,85.7,Pass,None,No
WHRM-00519,2026-07-06,Line A,Day,TS-02,FW-SIM-0.2,2.86,4.0,93.9,Pass,None,No
WHRM-00520,2026-07-06,Line B,Evening,TS-01,FW-SIM-0.2,2.99,3.87,93.9,Pass,None,No
WHRM-00521,2026-07-06,Line B,Day,TS-01,FW-SIM-0.2,1.73,5.71,90.6,Fail,Slow response time,Yes
WHRM-00522,2026-07-06,Line B,Evening,TS-02,FW-SIM-0.2,3.54,4.48,88.0,Pass,None,No
WHRM-00523,2026-07-06,Line A,Day,TS-03,FW-SIM-0.2,2.64,3.15,93.5,Pass,None,No
WHRM-00524,2026-07-06,Line C,Day,TS-02,FW-SIM-0.2,3.02,3.95,98.1,Pass,None,No
WHRM-00525,2026-07-06,Line B,Day,TS-01,FW-SIM-0.2,2.78,2.69,96.2,Pass,None,No
WHRM-00526,2026-07-06,Line C,Day,TS-02,FW-SIM-0.2,1.78,3.79,92.7,Pass,None,No
WHRM-00527,2026-07-06,Line C,Evening,TS-01,FW-SIM-0.2,2.17,3.38,86.1,Pass,None,No
WHRM-00528,2026-07-06,Line B,Day,TS-01,FW-SIM-0.2,2.53,3.32,91.4,Pass,None,No
WHRM-00529,2026-07-06,Line A,Evening,TS-01,FW-SIM-0.2,2.59,4.4,82.9,Pass,None,No
WHRM-00530,2026-07-06,Line B,Day,TS-01,FW-SIM-0.2,3.52,4.52,85.7,Pass,None,No
WHRM-00531,2026-07-06,Line B,Evening,TS-01,FW-SIM-0.2,1.79,5.11,96.3,Fail,Slow response time,Yes
WHRM-00532,2026-07-06,Line C,Day,TS-01,FW-SIM-0.2,1.92,5.14,82.2,Fail,Slow response time,Yes
WHRM-00533,2026-07-06,Line A,Day,TS-02,FW-SIM-0.2,4.1,4.8,82.2,Pass,None,No
WHRM-00534,2026-07-06,Line B,Day,TS-01,FW-SIM-0.2,1.62,3.82,93.0,Pass,None,No
WHRM-00535,2026-07-07,Line B,Day,TS-02,FW-SIM-0.2,4.69,4.14,88.4,Pass,None,No
WHRM-00536,2026-07-07,Line B,Evening,TS-01,FW-SIM-0.2,2.86,5.04,97.0,Fail,Slow response time,No
WHRM-00537,2026-07-07,Line C,Evening,TS-03,FW-SIM-0.2,0.48,4.65,88.2,Pass,None,No
WHRM-00538,2026-07-07,Line B,Day,TS-02,FW-SIM-0.2,2.84,5.53,85.0,Fail,Slow response time,Yes
WHRM-00539,2026-07-07,Line A,Day,TS-02,FW-SIM-0.2,3.23,4.1,99.1,Pass,None,No
WHRM-00540,2026-07-07,Line C,Day,TS-02,FW-SIM-0.2,4.5,4.06,91.9,Pass,None,No
WHRM-00541,2026-07-07,Line A,Evening,TS-01,FW-SIM-0.2,3.27,2.99,86.5,Pass,None,No
WHRM-00542,2026-07-07,Line A,Day,TS-03,FW-SIM-0.2,3.98,3.72,99.1,Pass,None,No
WHRM-00543,2026-07-07,Line B,Evening,TS-03,FW-SIM-0.2,3.53,4.0,81.5,Fail,Low signal quality,No
WHRM-00544,2026-07-07,Line B,Day,TS-01,FW-SIM-0.2,2.13,4.41,83.8,Pass,None,No
WHRM-00545,2026-07-07,Line C,Day,TS-02,FW-SIM-0.2,3.49,5.17,88.0,Fail,Slow response time,Yes
WHRM-00546,2026-07-07,Line C,Day,TS-02,FW-SIM-0.2,3.32,4.59,82.4,Pass,None,No
WHRM-00547,2026-07-07,Line A,Evening,TS-01,FW-SIM-0.2,0.1,4.23,100.0,Pass,None,No
WHRM-00548,2026-07-07,Line B,Day,TS-01,FW-SIM-0.2,4.4,5.36,79.4,Fail,Slow response time,Yes
WHRM-00549,2026-07-07,Line B,Day,TS-02,FW-SIM-0.2,0.36,5.13,95.5,Fail,Slow response time,Yes
WHRM-00550,2026-07-07,Line B,Day,TS-03,FW-SIM-0.2,4.94,4.13,88.4,Pass,None,No
WHRM-00551,2026-07-07,Line C,Day,TS-02,FW-SIM-0.2,1.53,4.36,90.4,Pass,None,No
WHRM-00552,2026-07-07,Line B,Day,TS-02,FW-SIM-0.2,2.43,4.22,90.5,Pass,None,No
WHRM-00553,2026-07-07,Line B,Day,TS-01,FW-SIM-0.2,3.6,4.62,98.1,Pass,None,No
WHRM-00554,2026-07-07,Line A,Evening,TS-01,FW-SIM-0.2,5.27,3.93,93.0,Fail,High heart-rate error,Yes
WHRM-00555,2026-07-07,Line B,Day,TS-02,FW-SIM-0.2,4.88,4.14,92.1,Pass,None,No
WHRM-00556,2026-07-07,Line C,Evening,TS-03,FW-SIM-0.2,3.6,4.92,91.9,Pass,None,No
WHRM-00557,2026-07-07,Line A,Evening,TS-03,FW-SIM-0.2,2.95,4.1,92.1,Pass,None,No
WHRM-00558,2026-07-07,Line A,Day,TS-02,FW-SIM-0.2,0.99,5.21,85.9,Fail,Slow response time,Yes
WHRM-00559,2026-07-07,Line C,Day,TS-03,FW-SIM-0.2,0.4,4.04,96.3,Pass,None,No
WHRM-00560,2026-07-07,Line C,Evening,TS-03,FW-SIM-0.2,2.2,4.29,88.8,Pass,None,No
WHRM-00561,2026-07-07,Line C,Evening,TS-01,FW-SIM-0.2,1.75,5.41,89.4,Fail,Slow response time,Yes
WHRM-00562,2026-07-07,Line C,Evening,TS-02,FW-SIM-0.2,3.01,4.31,87.1,Pass,None,No
WHRM-00563,2026-07-07,Line B,Evening,TS-03,FW-SIM-0.2,0.1,4.45,95.1,Pass,None,No
WHRM-00564,2026-07-07,Line B,Day,TS-01,FW-SIM-0.2,3.29,4.24,85.2,Pass,None,No
WHRM-00565,2026-07-07,Line B,Evening,TS-01,FW-SIM-0.2,3.6,3.63,76.5,Fail,Low signal quality,No
WHRM-00566,2026-07-07,Line A,Day,TS-03,FW-SIM-0.2,3.48,3.88,97.8,Pass,None,No
WHRM-00567,2026-07-07,Line B,Day,TS-01,FW-SIM-0.2,3.58,4.47,96.7,Pass,None,No
WHRM-00568,2026-07-07,Line C,Day,TS-03,FW-SIM-0.2,2.13,3.84,84.3,Pass,None,No
WHRM-00569,2026-07-07,Line A,Day,TS-03,FW-SIM-0.2,3.79,4.46,82.9,Fail,Assembly defect,No
WHRM-00570,2026-07-07,Line A,Evening,TS-02,FW-SIM-0.2,5.34,3.5,100.0,Fail,High heart-rate error,Yes
WHRM-00571,2026-07-07,Line C,Day,TS-01,FW-SIM-0.2,1.7,4.03,94.8,Pass,None,No
WHRM-00572,2026-07-07,Line B,Day,TS-02,FW-SIM-0.2,3.61,3.98,91.0,Pass,None,No
WHRM-00573,2026-07-07,Line A,Day,TS-03,FW-SIM-0.2,1.92,4.54,88.6,Pass,None,No
WHRM-00574,2026-07-07,Line A,Day,TS-02,FW-SIM-0.2,5.35,4.52,91.3,Fail,High heart-rate error,No
WHRM-00575,2026-07-07,Line B,Day,TS-02,FW-SIM-0.2,3.35,5.0,89.5,Fail,Slow response time,No
WHRM-00576,2026-07-07,Line C,Day,TS-02,FW-SIM-0.2,2.31,5.38,94.8,Fail,Slow response time,No
WHRM-00577,2026-07-07,Line A,Evening,TS-01,FW-SIM-0.2,1.62,4.34,82.2,Pass,None,No
WHRM-00578,2026-07-07,Line A,Day,TS-02,FW-SIM-0.2,4.65,4.49,92.9,Pass,None,No
WHRM-00579,2026-07-07,Line B,Day,TS-01,FW-SIM-0.2,2.04,4.87,95.6,Pass,None,No
WHRM-00580,2026-07-07,Line B,Evening,TS-02,FW-SIM-0.2,3.3,5.03,91.1,Fail,Slow response time,Yes
WHRM-00581,2026-07-07,Line B,Day,TS-01,FW-SIM-0.2,3.26,4.31,83.6,Pass,None,No
WHRM-00582,2026-07-07,Line B,Day,TS-02,FW-SIM-0.2,5.89,4.04,85.2,Fail,High heart-rate error,Yes
WHRM-00583,2026-07-07,Line C,Day,TS-03,FW-SIM-0.2,2.13,3.86,91.3,Pass,None,No
WHRM-00584,2026-07-07,Line C,Day,TS-02,FW-SIM-0.2,3.18,3.68,100.0,Pass,None,No
WHRM-00585,2026-07-07,Line C,Day,TS-02,FW-SIM-0.2,3.05,4.02,89.6,Pass,None,No
WHRM-00586,2026-07-07,Line B,Day,TS-03,FW-SIM-0.2,1.59,4.2,88.6,Pass,None,No
WHRM-00587,2026-07-07,Line B,Day,TS-01,FW-SIM-0.2,1.34,4.08,93.6,Pass,None,No
WHRM-00588,2026-07-07,Line C,Evening,TS-01,FW-SIM-0.2,0.1,5.09,88.6,Fail,Slow response time,No
WHRM-00589,2026-07-07,Line C,Day,TS-01,FW-SIM-0.2,0.77,4.42,93.7,Pass,None,No
WHRM-00590,2026-07-07,Line B,Day,TS-02,FW-SIM-0.2,4.66,3.86,88.3,Pass,None,No
WHRM-00591,2026-07-07,Line A,Evening,TS-03,FW-SIM-0.2,0.61,4.8,87.9,Pass,None,No
WHRM-00592,2026-07-07,Line C,Evening,TS-02,FW-SIM-0.2,2.52,4.83,84.7,Fail,Assembly defect,No
WHRM-00593,2026-07-07,Line A,Day,TS-03,FW-SIM-0.2,3.94,3.79,85.3,Pass,None,No
WHRM-00594,2026-07-07,Line A,Day,TS-01,FW-SIM-0.2,4.91,4.5,93.5,Pass,None,No
WHRM-00595,2026-07-07,Line C,Day,TS-01,FW-SIM-0.2,2.87,4.8,80.9,Fail,Low signal quality,Yes
WHRM-00596,2026-07-07,Line C,Evening,TS-02,FW-SIM-0.2,2.5,4.4,98.4,Pass,None,No
WHRM-00597,2026-07-07,Line A,Day,TS-02,FW-SIM-0.2,4.38,4.7,89.1,Pass,None,No
WHRM-00598,2026-07-07,Line C,Day,TS-01,FW-SIM-0.2,4.35,3.83,97.2,Pass,None,No
WHRM-00599,2026-07-07,Line C,Day,TS-02,FW-SIM-0.2,0.45,3.66,86.4,Pass,None,No
WHRM-00600,2026-07-07,Line A,Evening,TS-01,FW-SIM-0.2,0.97,4.44,92.4,Pass,None,No
WHRM-00601,2026-07-07,Line A,Evening,TS-01,FW-SIM-0.2,2.66,4.97,97.4,Pass,None,No
WHRM-00602,2026-07-07,Line B,Day,TS-02,FW-SIM-0.2,2.09,4.6,94.1,Pass,None,No
WHRM-00603,2026-07-07,Line A,Evening,TS-02,FW-SIM-0.2,0.48,5.58,94.6,Fail,Cosmetic defect,Yes
WHRM-00604,2026-07-07,Line A,Day,TS-02,FW-SIM-0.2,0.27,4.2,90.0,Pass,None,No
WHRM-00605,2026-07-07,Line B,Day,TS-01,FW-SIM-0.2,2.38,4.16,94.0,Pass,None,No
WHRM-00606,2026-07-07,Line A,Evening,TS-02,FW-SIM-0.2,3.96,4.09,100.0,Pass,None,No
WHRM-00607,2026-07-07,Line C,Day,TS-03,FW-SIM-0.2,2.35,4.51,88.8,Pass,None,No
WHRM-00608,2026-07-07,Line B,Day,TS-01,FW-SIM-0.2,4.05,3.49,88.1,Pass,None,No
WHRM-00609,2026-07-07,Line C,Day,TS-01,FW-SIM-0.2,3.16,3.71,89.5,Pass,None,No
WHRM-00610,2026-07-07,Line A,Day,TS-02,FW-SIM-0.2,5.02,3.25,85.4,Fail,High heart-rate error,Yes
WHRM-00611,2026-07-07,Line A,Day,TS-02,FW-SIM-0.2,3.33,5.09,85.7,Fail,Slow response time,No
WHRM-00612,2026-07-07,Line A,Evening,TS-01,FW-SIM-0.2,3.35,4.93,87.0,Pass,None,No
WHRM-00613,2026-07-07,Line C,Day,TS-03,FW-SIM-0.2,1.96,3.52,84.0,Pass,None,No
WHRM-00614,2026-07-07,Line C,Day,TS-02,FW-SIM-0.2,2.4,4.07,72.8,Fail,Low signal quality,Yes
WHRM-00615,2026-07-07,Line A,Day,TS-02,FW-SIM-0.2,2.68,3.81,90.0,Pass,None,No
WHRM-00616,2026-07-07,Line C,Day,TS-01,FW-SIM-0.2,2.57,4.34,84.5,Pass,None,No
WHRM-00617,2026-07-07,Line B,Evening,TS-01,FW-SIM-0.2,3.37,3.87,96.7,Pass,None,No
WHRM-00618,2026-07-07,Line A,Day,TS-02,FW-SIM-0.2,0.22,4.14,97.5,Pass,None,No
WHRM-00619,2026-07-07,Line B,Day,TS-01,FW-SIM-0.2,2.52,5.25,93.2,Fail,Slow response time,Yes
WHRM-00620,2026-07-07,Line A,Day,TS-01,FW-SIM-0.2,0.24,4.46,84.9,Pass,None,No
WHRM-00621,2026-07-07,Line B,Day,TS-03,FW-SIM-0.2,2.64,3.57,89.5,Pass,None,No
WHRM-00622,2026-07-07,Line A,Day,TS-02,FW-SIM-0.2,4.81,4.32,94.4,Pass,None,No
WHRM-00623,2026-07-08,Line A,Evening,TS-01,FW-SIM-0.2,0.26,3.87,94.9,Pass,None,No
WHRM-00624,2026-07-08,Line B,Evening,TS-03,FW-SIM-0.2,3.36,4.5,94.9,Pass,None,No
WHRM-00625,2026-07-08,Line C,Evening,TS-01,FW-SIM-0.2,2.59,3.61,95.0,Pass,None,No
WHRM-00626,2026-07-08,Line C,Day,TS-03,FW-SIM-0.2,3.84,3.58,82.9,Pass,None,No
WHRM-00627,2026-07-08,Line B,Day,TS-03,FW-SIM-0.2,4.34,4.17,87.3,Pass,None,No
WHRM-00628,2026-07-08,Line C,Day,TS-01,FW-SIM-0.2,2.05,3.94,93.7,Pass,None,No
WHRM-00629,2026-07-08,Line A,Day,TS-03,FW-SIM-0.2,2.44,4.53,91.2,Pass,None,No
WHRM-00630,2026-07-08,Line C,Evening,TS-01,FW-SIM-0.2,2.14,4.53,87.3,Pass,None,No
WHRM-00631,2026-07-08,Line C,Day,TS-02,FW-SIM-0.2,3.03,4.57,94.9,Pass,None,No
WHRM-00632,2026-07-08,Line A,Day,TS-01,FW-SIM-0.2,2.23,5.5,89.0,Fail,Slow response time,Yes
WHRM-00633,2026-07-08,Line A,Evening,TS-02,FW-SIM-0.2,0.12,3.95,100.0,Fail,Cosmetic defect,Yes
WHRM-00634,2026-07-08,Line A,Day,TS-03,FW-SIM-0.2,4.07,5.11,92.3,Fail,Slow response time,Yes
WHRM-00635,2026-07-08,Line B,Evening,TS-03,FW-SIM-0.2,3.02,5.16,91.1,Fail,Slow response time,No
WHRM-00636,2026-07-08,Line A,Day,TS-01,FW-SIM-0.2,3.16,4.93,95.3,Pass,None,No
WHRM-00637,2026-07-08,Line B,Day,TS-03,FW-SIM-0.2,3.66,3.68,95.5,Pass,None,No
WHRM-00638,2026-07-08,Line B,Day,TS-01,FW-SIM-0.2,5.03,5.21,79.6,Fail,High heart-rate error,Yes
WHRM-00639,2026-07-08,Line A,Day,TS-03,FW-SIM-0.2,2.46,4.52,96.3,Pass,None,No
WHRM-00640,2026-07-08,Line C,Day,TS-01,FW-SIM-0.2,2.93,5.14,88.9,Fail,Slow response time,Yes
WHRM-00641,2026-07-08,Line A,Day,TS-01,FW-SIM-0.2,1.68,3.39,93.6,Pass,None,No
WHRM-00642,2026-07-08,Line A,Evening,TS-01,FW-SIM-0.2,0.27,4.08,92.2,Pass,None,No
WHRM-00643,2026-07-08,Line A,Day,TS-03,FW-SIM-0.2,1.18,4.02,74.3,Fail,Low signal quality,Yes
WHRM-00644,2026-07-08,Line B,Day,TS-02,FW-SIM-0.2,1.78,4.36,86.6,Pass,None,No
WHRM-00645,2026-07-08,Line B,Day,TS-01,FW-SIM-0.2,4.77,4.97,92.4,Pass,None,No
WHRM-00646,2026-07-08,Line B,Evening,TS-01,FW-SIM-0.2,2.46,3.65,93.7,Pass,None,No
WHRM-00647,2026-07-08,Line C,Day,TS-02,FW-SIM-0.2,3.55,4.85,95.9,Pass,None,No
WHRM-00648,2026-07-08,Line A,Day,TS-01,FW-SIM-0.2,3.03,3.56,83.6,Pass,None,No
WHRM-00649,2026-07-08,Line B,Evening,TS-01,FW-SIM-0.2,1.75,3.91,86.7,Pass,None,No
WHRM-00650,2026-07-08,Line C,Day,TS-02,FW-SIM-0.2,0.29,4.3,87.3,Pass,None,No
WHRM-00651,2026-07-08,Line B,Day,TS-02,FW-SIM-0.2,1.94,4.39,88.5,Pass,None,No
WHRM-00652,2026-07-08,Line A,Day,TS-01,FW-SIM-0.2,1.9,3.69,83.6,Pass,None,No
WHRM-00653,2026-07-08,Line A,Day,TS-01,FW-SIM-0.2,1.33,4.23,96.9,Pass,None,No
WHRM-00654,2026-07-08,Line A,Evening,TS-01,FW-SIM-0.2,2.86,3.41,93.4,Pass,None,No
WHRM-00655,2026-07-08,Line A,Day,TS-02,FW-SIM-0.2,2.78,3.45,86.2,Pass,None,No
WHRM-00656,2026-07-08,Line A,Day,TS-01,FW-SIM-0.2,3.85,5.13,88.1,Fail,Slow response time,Yes
WHRM-00657,2026-07-08,Line B,Evening,TS-03,FW-SIM-0.2,2.92,5.01,86.8,Fail,Slow response time,Yes
WHRM-00658,2026-07-08,Line B,Day,TS-02,FW-SIM-0.2,2.96,3.47,93.3,Pass,None,No
WHRM-00659,2026-07-08,Line C,Evening,TS-02,FW-SIM-0.2,1.42,4.6,90.0,Pass,None,No
WHRM-00660,2026-07-08,Line A,Evening,TS-01,FW-SIM-0.2,2.62,4.6,87.7,Pass,None,No
WHRM-00661,2026-07-08,Line A,Evening,TS-01,FW-SIM-0.2,1.62,3.56,87.6,Pass,None,No
WHRM-00662,2026-07-08,Line B,Day,TS-02,FW-SIM-0.2,3.15,4.65,92.2,Pass,None,No
WHRM-00663,2026-07-08,Line A,Day,TS-01,FW-SIM-0.2,0.1,5.24,96.8,Fail,Slow response time,Yes
WHRM-00664,2026-07-08,Line B,Day,TS-02,FW-SIM-0.2,4.56,5.13,91.0,Fail,Slow response time,Yes
WHRM-00665,2026-07-08,Line A,Evening,TS-01,FW-SIM-0.2,3.37,4.01,86.8,Pass,None,No
WHRM-00666,2026-07-08,Line C,Day,TS-01,FW-SIM-0.2,3.12,5.17,90.6,Fail,Slow response time,Yes
WHRM-00667,2026-07-08,Line A,Day,TS-02,FW-SIM-0.2,3.21,4.36,94.5,Pass,None,No
WHRM-00668,2026-07-08,Line A,Day,TS-01,FW-SIM-0.2,2.57,4.84,89.8,Pass,None,No
WHRM-00669,2026-07-08,Line A,Day,TS-02,FW-SIM-0.2,0.1,4.7,95.9,Pass,None,No
WHRM-00670,2026-07-08,Line B,Evening,TS-01,FW-SIM-0.2,3.33,4.15,82.5,Pass,None,No
WHRM-00671,2026-07-08,Line A,Evening,TS-02,FW-SIM-0.2,1.78,4.23,90.8,Pass,None,No
WHRM-00672,2026-07-08,Line C,Evening,TS-01,FW-SIM-0.2,1.81,4.03,88.7,Pass,None,No
WHRM-00673,2026-07-08,Line C,Day,TS-03,FW-SIM-0.2,3.66,4.46,90.9,Pass,None,No
WHRM-00674,2026-07-08,Line A,Evening,TS-01,FW-SIM-0.2,1.8,4.15,93.6,Pass,None,No
WHRM-00675,2026-07-08,Line B,Day,TS-03,FW-SIM-0.2,3.5,3.38,84.6,Pass,None,No
WHRM-00676,2026-07-08,Line C,Day,TS-03,FW-SIM-0.2,1.4,4.46,86.1,Pass,None,No
WHRM-00677,2026-07-08,Line B,Evening,TS-02,FW-SIM-0.2,4.36,3.14,93.6,Pass,None,No
WHRM-00678,2026-07-08,Line C,Evening,TS-03,FW-SIM-0.2,0.55,4.7,87.3,Pass,None,No
WHRM-00679,2026-07-08,Line B,Day,TS-02,FW-SIM-0.2,2.46,4.22,88.8,Pass,None,No
WHRM-00680,2026-07-08,Line C,Day,TS-01,FW-SIM-0.2,1.27,4.68,99.3,Pass,None,No
WHRM-00681,2026-07-08,Line A,Day,TS-03,FW-SIM-0.2,2.42,5.05,88.4,Fail,Slow response time,Yes
WHRM-00682,2026-07-08,Line C,Day,TS-03,FW-SIM-0.2,3.52,4.64,99.3,Pass,None,No
WHRM-00683,2026-07-08,Line C,Day,TS-02,FW-SIM-0.2,3.09,4.53,89.9,Pass,None,No
WHRM-00684,2026-07-08,Line C,Evening,TS-01,FW-SIM-0.2,2.25,5.22,85.2,Fail,Slow response time,Yes
WHRM-00685,2026-07-08,Line A,Day,TS-02,FW-SIM-0.2,0.75,3.77,100.0,Pass,None,No
WHRM-00686,2026-07-08,Line B,Day,TS-01,FW-SIM-0.2,3.87,4.1,95.6,Pass,None,No
WHRM-00687,2026-07-08,Line A,Evening,TS-01,FW-SIM-0.2,1.33,3.81,92.0,Pass,None,No
WHRM-00688,2026-07-08,Line B,Day,TS-02,FW-SIM-0.2,2.24,5.46,87.6,Fail,Slow response time,Yes
WHRM-00689,2026-07-08,Line C,Evening,TS-01,FW-SIM-0.2,1.77,4.82,91.2,Pass,None,No
WHRM-00690,2026-07-08,Line B,Day,TS-03,FW-SIM-0.2,4.57,4.49,86.4,Pass,None,No
WHRM-00691,2026-07-08,Line C,Day,TS-01,FW-SIM-0.2,2.38,4.27,86.6,Pass,None,No
WHRM-00692,2026-07-08,Line A,Day,TS-01,FW-SIM-0.2,0.69,3.66,84.9,Pass,None,No
WHRM-00693,2026-07-08,Line A,Evening,TS-01,FW-SIM-0.2,0.8,5.15,92.4,Fail,Slow response time,Yes
WHRM-00694,2026-07-08,Line A,Day,TS-03,FW-SIM-0.2,1.78,4.72,87.8,Pass,None,No
WHRM-00695,2026-07-08,Line B,Day,TS-02,FW-SIM-0.2,4.16,4.53,91.4,Pass,None,No
WHRM-00696,2026-07-08,Line A,Evening,TS-01,FW-SIM-0.2,1.78,5.72,92.7,Fail,Slow response time,Yes
WHRM-00697,2026-07-08,Line B,Day,TS-03,FW-SIM-0.2,2.01,4.05,89.5,Pass,None,No
WHRM-00698,2026-07-08,Line C,Day,TS-03,FW-SIM-0.2,2.96,5.2,94.8,Fail,Slow response time,Yes
WHRM-00699,2026-07-08,Line A,Evening,TS-02,FW-SIM-0.2,4.09,4.0,95.8,Pass,None,No
WHRM-00700,2026-07-08,Line A,Day,TS-02,FW-SIM-0.2,1.77,4.57,87.7,Pass,None,No
WHRM-00701,2026-07-08,Line A,Day,TS-01,FW-SIM-0.2,1.46,4.67,86.8,Pass,None,No
WHRM-00702,2026-07-08,Line A,Evening,TS-02,FW-SIM-0.2,2.12,3.4,82.6,Pass,None,No
WHRM-00703,2026-07-08,Line B,Evening,TS-01,FW-SIM-0.2,3.12,5.08,88.5,Fail,Slow response time,Yes
WHRM-00704,2026-07-08,Line B,Day,TS-01,FW-SIM-0.2,3.65,3.65,86.4,Pass,None,No
WHRM-00705,2026-07-08,Line A,Evening,TS-01,FW-SIM-0.2,3.87,3.46,87.0,Pass,None,No
WHRM-00706,2026-07-08,Line C,Day,TS-03,FW-SIM-0.2,0.75,4.31,84.7,Pass,None,No
WHRM-00707,2026-07-08,Line A,Day,TS-03,FW-SIM-0.2,0.43,3.66,90.0,Pass,None,No
WHRM-00708,2026-07-08,Line B,Day,TS-01,FW-SIM-0.2,3.92,3.7,93.2,Pass,None,No
WHRM-00709,2026-07-08,Line A,Day,TS-01,FW-SIM-0.2,1.1,4.38,100.0,Pass,None,No
WHRM-00710,2026-07-08,Line B,Day,TS-03,FW-SIM-0.2,3.77,4.49,77.3,Fail,Low signal quality,Yes
WHRM-00711,2026-07-08,Line B,Day,TS-01,FW-SIM-0.2,2.43,3.45,94.7,Pass,None,No
WHRM-00712,2026-07-09,Line A,Evening,TS-01,FW-SIM-0.2,1.16,4.23,90.0,Pass,None,No
WHRM-00713,2026-07-09,Line C,Evening,TS-02,FW-SIM-0.2,2.35,4.04,100.0,Pass,None,No
WHRM-00714,2026-07-09,Line B,Day,TS-03,FW-SIM-0.2,1.3,3.42,74.0,Fail,Cosmetic defect,Yes
WHRM-00715,2026-07-09,Line A,Day,TS-02,FW-SIM-0.2,0.1,4.61,89.5,Pass,None,No
WHRM-00716,2026-07-09,Line C,Day,TS-03,FW-SIM-0.2,1.34,4.3,99.3,Pass,None,No
WHRM-00717,2026-07-09,Line B,Day,TS-03,FW-SIM-0.2,1.46,4.92,86.6,Pass,None,No
WHRM-00718,2026-07-09,Line B,Evening,TS-01,FW-SIM-0.2,4.21,4.02,93.3,Fail,Cosmetic defect,No
WHRM-00719,2026-07-09,Line A,Day,TS-02,FW-SIM-0.2,1.96,4.51,93.4,Pass,None,No
WHRM-00720,2026-07-09,Line B,Evening,TS-03,FW-SIM-0.2,2.85,3.71,86.5,Pass,None,No
WHRM-00721,2026-07-09,Line B,Day,TS-02,FW-SIM-0.2,3.21,4.16,95.3,Pass,None,No
WHRM-00722,2026-07-09,Line A,Evening,TS-03,FW-SIM-0.2,1.76,4.17,90.8,Pass,None,No
WHRM-00723,2026-07-09,Line A,Evening,TS-01,FW-SIM-0.2,3.03,3.59,97.2,Pass,None,No
WHRM-00724,2026-07-09,Line A,Day,TS-02,FW-SIM-0.2,1.54,4.16,99.9,Pass,None,No
WHRM-00725,2026-07-09,Line A,Day,TS-01,FW-SIM-0.2,2.03,4.12,99.7,Pass,None,No
WHRM-00726,2026-07-09,Line A,Day,TS-02,FW-SIM-0.2,1.18,4.61,83.3,Pass,None,No
WHRM-00727,2026-07-09,Line A,Day,TS-03,FW-SIM-0.2,2.91,4.36,88.3,Pass,None,No
WHRM-00728,2026-07-09,Line A,Day,TS-03,FW-SIM-0.2,3.1,4.16,81.1,Fail,Low signal quality,Yes
WHRM-00729,2026-07-09,Line A,Day,TS-01,FW-SIM-0.2,2.75,3.97,95.6,Pass,None,No
WHRM-00730,2026-07-09,Line B,Day,TS-03,FW-SIM-0.2,5.14,4.4,89.1,Fail,High heart-rate error,Yes
WHRM-00731,2026-07-09,Line A,Day,TS-02,FW-SIM-0.2,0.36,3.69,94.5,Pass,None,No
WHRM-00732,2026-07-09,Line B,Day,TS-02,FW-SIM-0.2,3.39,2.8,93.6,Pass,None,No
WHRM-00733,2026-07-09,Line A,Day,TS-02,FW-SIM-0.2,2.07,4.16,92.0,Pass,None,No
WHRM-00734,2026-07-09,Line A,Evening,TS-02,FW-SIM-0.2,2.3,2.64,90.7,Pass,None,No
WHRM-00735,2026-07-09,Line A,Day,TS-03,FW-SIM-0.2,2.16,4.41,82.0,Pass,None,No
WHRM-00736,2026-07-09,Line B,Evening,TS-01,FW-SIM-0.2,3.13,4.64,89.1,Pass,None,No
WHRM-00737,2026-07-09,Line B,Day,TS-01,FW-SIM-0.2,3.1,4.95,94.5,Pass,None,No
WHRM-00738,2026-07-09,Line A,Day,TS-02,FW-SIM-0.2,2.78,4.45,93.2,Pass,None,No
WHRM-00739,2026-07-09,Line C,Day,TS-01,FW-SIM-0.2,1.82,4.55,88.6,Pass,None,No
WHRM-00740,2026-07-09,Line A,Evening,TS-03,FW-SIM-0.2,4.64,5.02,94.5,Fail,Slow response time,Yes
WHRM-00741,2026-07-09,Line C,Day,TS-02,FW-SIM-0.2,1.77,3.96,92.1,Fail,Assembly defect,Yes
WHRM-00742,2026-07-09,Line A,Evening,TS-01,FW-SIM-0.2,2.06,4.85,100.0,Pass,None,No
WHRM-00743,2026-07-09,Line A,Day,TS-02,FW-SIM-0.2,4.25,3.61,90.8,Pass,None,No
WHRM-00744,2026-07-09,Line C,Evening,TS-03,FW-SIM-0.2,0.1,3.74,94.1,Pass,None,No
WHRM-00745,2026-07-09,Line B,Day,TS-02,FW-SIM-0.2,3.6,4.63,94.6,Pass,None,No
WHRM-00746,2026-07-09,Line A,Day,TS-03,FW-SIM-0.2,2.3,5.46,82.6,Fail,Slow response time,Yes
WHRM-00747,2026-07-09,Line C,Evening,TS-03,FW-SIM-0.2,2.76,3.72,85.8,Pass,None,No
WHRM-00748,2026-07-09,Line C,Evening,TS-03,FW-SIM-0.2,1.48,4.58,81.9,Fail,Low signal quality,Yes
WHRM-00749,2026-07-09,Line C,Evening,TS-02,FW-SIM-0.2,2.98,4.23,83.3,Pass,None,No
WHRM-00750,2026-07-09,Line A,Day,TS-02,FW-SIM-0.2,3.61,4.73,92.2,Pass,None,No
WHRM-00751,2026-07-09,Line B,Day,TS-03,FW-SIM-0.2,2.58,4.14,89.4,Pass,None,No
WHRM-00752,2026-07-09,Line A,Day,TS-03,FW-SIM-0.2,1.38,4.77,88.4,Pass,None,No
WHRM-00753,2026-07-09,Line B,Evening,TS-01,FW-SIM-0.2,5.34,3.17,90.9,Fail,High heart-rate error,Yes
WHRM-00754,2026-07-09,Line B,Day,TS-01,FW-SIM-0.2,0.45,5.05,94.9,Fail,Slow response time,Yes
WHRM-00755,2026-07-09,Line C,Day,TS-03,FW-SIM-0.2,0.57,3.13,90.9,Pass,None,No
WHRM-00756,2026-07-09,Line A,Evening,TS-01,FW-SIM-0.2,1.35,4.05,100.0,Pass,None,No
WHRM-00757,2026-07-09,Line B,Day,TS-03,FW-SIM-0.2,3.84,5.18,93.3,Fail,Slow response time,Yes
WHRM-00758,2026-07-09,Line C,Evening,TS-02,FW-SIM-0.2,1.22,4.93,89.3,Pass,None,No
WHRM-00759,2026-07-09,Line C,Evening,TS-01,FW-SIM-0.2,4.64,4.55,95.2,Pass,None,No
WHRM-00760,2026-07-09,Line A,Evening,TS-01,FW-SIM-0.2,3.05,4.47,84.8,Pass,None,No
WHRM-00761,2026-07-09,Line B,Day,TS-02,FW-SIM-0.2,1.39,4.3,97.9,Pass,None,No
WHRM-00762,2026-07-09,Line B,Evening,TS-01,FW-SIM-0.2,3.26,3.79,91.1,Pass,None,No
WHRM-00763,2026-07-09,Line A,Day,TS-01,FW-SIM-0.2,3.97,5.57,91.0,Fail,Slow response time,Yes
WHRM-00764,2026-07-09,Line C,Day,TS-01,FW-SIM-0.2,1.39,3.98,99.0,Pass,None,No
WHRM-00765,2026-07-09,Line A,Day,TS-02,FW-SIM-0.2,2.31,5.09,92.6,Fail,Slow response time,No
WHRM-00766,2026-07-09,Line A,Evening,TS-01,FW-SIM-0.2,3.12,3.62,87.4,Pass,None,No
WHRM-00767,2026-07-09,Line B,Evening,TS-02,FW-SIM-0.2,4.8,4.07,100.0,Pass,None,No
WHRM-00768,2026-07-09,Line A,Day,TS-02,FW-SIM-0.2,3.02,4.48,96.0,Pass,None,No
WHRM-00769,2026-07-09,Line B,Day,TS-01,FW-SIM-0.2,3.91,4.81,84.2,Pass,None,No
WHRM-00770,2026-07-09,Line A,Day,TS-03,FW-SIM-0.2,1.24,4.34,85.7,Pass,None,No
WHRM-00771,2026-07-09,Line C,Day,TS-02,FW-SIM-0.2,1.17,4.95,85.1,Pass,None,No
WHRM-00772,2026-07-09,Line B,Day,TS-02,FW-SIM-0.2,3.36,5.0,83.5,Fail,Slow response time,Yes
WHRM-00773,2026-07-09,Line A,Evening,TS-03,FW-SIM-0.2,0.71,4.29,86.2,Pass,None,No
WHRM-00774,2026-07-09,Line B,Day,TS-01,FW-SIM-0.2,3.33,4.9,93.0,Pass,None,No
WHRM-00775,2026-07-09,Line A,Evening,TS-02,FW-SIM-0.2,1.49,4.81,83.2,Pass,None,No
WHRM-00776,2026-07-09,Line C,Evening,TS-03,FW-SIM-0.2,3.28,4.65,89.1,Pass,None,No
WHRM-00777,2026-07-09,Line A,Day,TS-02,FW-SIM-0.2,4.26,3.2,88.3,Pass,None,No
WHRM-00778,2026-07-09,Line A,Day,TS-01,FW-SIM-0.2,4.76,4.24,91.2,Pass,None,No
WHRM-00779,2026-07-09,Line C,Day,TS-03,FW-SIM-0.2,3.61,4.09,90.4,Pass,None,No
WHRM-00780,2026-07-09,Line B,Day,TS-01,FW-SIM-0.2,2.28,4.48,93.3,Pass,None,No
WHRM-00781,2026-07-09,Line A,Day,TS-01,FW-SIM-0.2,1.84,4.24,87.4,Pass,None,No
WHRM-00782,2026-07-09,Line A,Day,TS-03,FW-SIM-0.2,0.1,4.77,90.7,Pass,None,No
WHRM-00783,2026-07-09,Line A,Day,TS-02,FW-SIM-0.2,1.89,4.15,90.9,Pass,None,No
WHRM-00784,2026-07-09,Line A,Day,TS-02,FW-SIM-0.2,3.75,4.68,95.7,Pass,None,No
WHRM-00785,2026-07-09,Line C,Day,TS-01,FW-SIM-0.2,0.43,4.21,88.2,Pass,None,No
WHRM-00786,2026-07-09,Line A,Evening,TS-02,FW-SIM-0.2,2.78,3.53,87.8,Pass,None,No
WHRM-00787,2026-07-09,Line B,Evening,TS-03,FW-SIM-0.2,3.29,4.01,94.4,Pass,None,No
WHRM-00788,2026-07-09,Line C,Evening,TS-02,FW-SIM-0.2,1.41,3.95,87.3,Pass,None,No
WHRM-00789,2026-07-09,Line A,Evening,TS-03,FW-SIM-0.2,0.83,4.07,86.7,Pass,None,No
WHRM-00790,2026-07-09,Line A,Day,TS-01,FW-SIM-0.2,0.75,4.54,82.1,Pass,None,No
WHRM-00791,2026-07-09,Line A,Day,TS-02,FW-SIM-0.2,1.79,3.16,98.6,Pass,None,No
WHRM-00792,2026-07-09,Line B,Day,TS-01,FW-SIM-0.2,3.24,4.48,85.2,Pass,None,No
WHRM-00793,2026-07-09,Line B,Day,TS-02,FW-SIM-0.2,1.92,4.52,95.2,Pass,None,No
WHRM-00794,2026-07-09,Line A,Day,TS-02,FW-SIM-0.2,2.55,3.82,99.6,Pass,None,No
WHRM-00795,2026-07-09,Line B,Day,TS-02,FW-SIM-0.2,2.19,4.4,89.0,Pass,None,No
WHRM-00796,2026-07-09,Line C,Evening,TS-01,FW-SIM-0.2,2.45,5.72,100.0,Fail,Slow response time,Yes
WHRM-00797,2026-07-09,Line A,Evening,TS-02,FW-SIM-0.2,2.52,4.26,91.7,Pass,None,No
WHRM-00798,2026-07-09,Line B,Day,TS-02,FW-SIM-0.2,2.52,3.54,87.5,Pass,None,No
WHRM-00799,2026-07-09,Line B,Day,TS-01,FW-SIM-0.2,4.93,3.85,99.5,Pass,None,No
WHRM-00800,2026-07-09,Line B,Day,TS-01,FW-SIM-0.2,0.1,4.64,100.0,Pass,None,No
WHRM-00801,2026-07-10,Line B,Day,TS-02,FW-SIM-0.2,3.21,4.64,88.3,Pass,None,No
WHRM-00802,2026-07-10,Line C,Evening,TS-01,FW-SIM-0.2,2.38,4.52,84.4,Fail,Cosmetic defect,No
WHRM-00803,2026-07-10,Line C,Evening,TS-02,FW-SIM-0.2,1.33,4.77,90.6,Pass,None,No
WHRM-00804,2026-07-10,Line A,Day,TS-02,FW-SIM-0.2,1.87,5.86,96.3,Fail,Slow response time,Yes
WHRM-00805,2026-07-10,Line B,Day,TS-02,FW-SIM-0.2,5.34,5.04,90.6,Fail,High heart-rate error,No
WHRM-00806,2026-07-10,Line A,Evening,TS-03,FW-SIM-0.2,1.78,4.96,85.6,Pass,None,No
WHRM-00807,2026-07-10,Line B,Evening,TS-03,FW-SIM-0.2,2.93,4.53,90.2,Pass,None,No
WHRM-00808,2026-07-10,Line B,Evening,TS-01,FW-SIM-0.2,4.12,4.47,82.0,Fail,Low signal quality,Yes
WHRM-00809,2026-07-10,Line A,Evening,TS-01,FW-SIM-0.2,2.06,4.0,100.0,Pass,None,No
WHRM-00810,2026-07-10,Line B,Evening,TS-02,FW-SIM-0.2,2.45,5.35,88.7,Fail,Slow response time,No
WHRM-00811,2026-07-10,Line A,Day,TS-02,FW-SIM-0.2,0.88,3.79,91.6,Pass,None,No
WHRM-00812,2026-07-10,Line C,Day,TS-01,FW-SIM-0.2,2.41,3.44,93.3,Pass,None,No
WHRM-00813,2026-07-10,Line B,Evening,TS-03,FW-SIM-0.2,5.01,4.0,92.2,Fail,High heart-rate error,Yes
WHRM-00814,2026-07-10,Line A,Evening,TS-02,FW-SIM-0.2,1.93,4.07,99.8,Pass,None,No
WHRM-00815,2026-07-10,Line A,Evening,TS-01,FW-SIM-0.2,3.75,4.42,96.6,Pass,None,No
WHRM-00816,2026-07-10,Line A,Day,TS-03,FW-SIM-0.2,3.89,4.13,88.4,Pass,None,No
WHRM-00817,2026-07-10,Line B,Evening,TS-03,FW-SIM-0.2,2.84,5.18,82.4,Fail,Slow response time,Yes
WHRM-00818,2026-07-10,Line A,Day,TS-03,FW-SIM-0.2,0.55,4.08,82.1,Pass,None,No
WHRM-00819,2026-07-10,Line C,Day,TS-03,FW-SIM-0.2,2.78,5.78,85.0,Fail,Slow response time,Yes
WHRM-00820,2026-07-10,Line C,Day,TS-01,FW-SIM-0.2,0.24,4.51,100.0,Pass,None,No
WHRM-00821,2026-07-10,Line B,Day,TS-03,FW-SIM-0.2,2.38,5.01,91.3,Fail,Slow response time,Yes
WHRM-00822,2026-07-10,Line A,Day,TS-01,FW-SIM-0.2,0.6,3.54,93.9,Pass,None,No
WHRM-00823,2026-07-10,Line C,Day,TS-02,FW-SIM-0.2,2.93,5.18,96.2,Fail,Slow response time,No
WHRM-00824,2026-07-10,Line A,Evening,TS-03,FW-SIM-0.2,2.0,4.34,96.6,Pass,None,No
WHRM-00825,2026-07-10,Line B,Day,TS-02,FW-SIM-0.2,2.03,4.05,93.9,Pass,None,No
WHRM-00826,2026-07-10,Line C,Evening,TS-02,FW-SIM-0.2,4.83,3.69,94.1,Pass,None,No
WHRM-00827,2026-07-10,Line C,Evening,TS-01,FW-SIM-0.2,2.15,5.55,85.4,Fail,Slow response time,Yes
WHRM-00828,2026-07-10,Line A,Evening,TS-03,FW-SIM-0.2,1.39,3.92,80.2,Fail,Low signal quality,Yes
WHRM-00829,2026-07-10,Line B,Evening,TS-01,FW-SIM-0.2,3.72,2.75,97.6,Pass,None,No
WHRM-00830,2026-07-10,Line A,Day,TS-01,FW-SIM-0.2,1.06,3.93,90.9,Pass,None,No
WHRM-00831,2026-07-10,Line C,Evening,TS-02,FW-SIM-0.2,2.98,3.58,81.8,Fail,Low signal quality,Yes
WHRM-00832,2026-07-10,Line C,Day,TS-03,FW-SIM-0.2,1.94,4.95,88.6,Pass,None,No
WHRM-00833,2026-07-10,Line B,Day,TS-01,FW-SIM-0.2,3.54,3.97,90.0,Pass,None,No
WHRM-00834,2026-07-10,Line C,Evening,TS-03,FW-SIM-0.2,3.14,4.49,90.8,Pass,None,No
WHRM-00835,2026-07-10,Line C,Day,TS-02,FW-SIM-0.2,2.18,3.69,88.8,Pass,None,No
WHRM-00836,2026-07-10,Line A,Day,TS-02,FW-SIM-0.2,3.4,4.98,91.9,Pass,None,No
WHRM-00837,2026-07-10,Line C,Day,TS-01,FW-SIM-0.2,1.83,4.44,100.0,Pass,None,No
WHRM-00838,2026-07-10,Line A,Evening,TS-02,FW-SIM-0.2,2.12,4.82,92.3,Pass,None,No
WHRM-00839,2026-07-10,Line B,Day,TS-02,FW-SIM-0.2,3.23,3.66,97.2,Pass,None,No
WHRM-00840,2026-07-10,Line B,Day,TS-01,FW-SIM-0.2,1.04,5.46,92.1,Fail,Slow response time,No
WHRM-00841,2026-07-10,Line A,Evening,TS-03,FW-SIM-0.2,2.57,5.41,92.4,Fail,Slow response time,Yes
WHRM-00842,2026-07-10,Line C,Evening,TS-03,FW-SIM-0.2,0.33,5.17,90.3,Fail,Slow response time,Yes
WHRM-00843,2026-07-10,Line B,Day,TS-02,FW-SIM-0.2,1.33,3.93,86.2,Pass,None,No
WHRM-00844,2026-07-10,Line B,Evening,TS-02,FW-SIM-0.2,2.7,4.14,83.9,Pass,None,No
WHRM-00845,2026-07-10,Line A,Day,TS-01,FW-SIM-0.2,3.01,3.52,87.8,Pass,None,No
WHRM-00846,2026-07-10,Line C,Day,TS-02,FW-SIM-0.2,2.66,4.09,91.3,Pass,None,No
WHRM-00847,2026-07-10,Line B,Day,TS-02,FW-SIM-0.2,2.6,3.99,93.7,Pass,None,No
WHRM-00848,2026-07-10,Line A,Evening,TS-03,FW-SIM-0.2,2.32,6.09,86.8,Fail,Slow response time,Yes
WHRM-00849,2026-07-10,Line A,Day,TS-02,FW-SIM-0.2,2.67,4.8,96.1,Pass,None,No
WHRM-00850,2026-07-10,Line A,Evening,TS-01,FW-SIM-0.2,4.57,4.55,95.9,Pass,None,No
WHRM-00851,2026-07-10,Line A,Evening,TS-02,FW-SIM-0.2,1.64,4.85,89.8,Pass,None,No
WHRM-00852,2026-07-10,Line A,Day,TS-01,FW-SIM-0.2,1.44,3.68,95.2,Pass,None,No
WHRM-00853,2026-07-10,Line B,Day,TS-02,FW-SIM-0.2,2.04,5.42,99.0,Fail,Slow response time,Yes
WHRM-00854,2026-07-10,Line A,Day,TS-02,FW-SIM-0.2,4.48,4.41,96.9,Pass,None,No
WHRM-00855,2026-07-10,Line B,Day,TS-03,FW-SIM-0.2,3.59,4.18,90.8,Pass,None,No
WHRM-00856,2026-07-10,Line B,Day,TS-01,FW-SIM-0.2,3.95,5.1,84.8,Fail,Slow response time,Yes
WHRM-00857,2026-07-10,Line C,Day,TS-01,FW-SIM-0.2,4.17,4.38,94.8,Pass,None,No
WHRM-00858,2026-07-10,Line C,Evening,TS-02,FW-SIM-0.2,3.2,3.93,89.7,Pass,None,No
WHRM-00859,2026-07-10,Line C,Day,TS-03,FW-SIM-0.2,2.5,3.91,81.9,Fail,Low signal quality,Yes
WHRM-00860,2026-07-10,Line A,Day,TS-02,FW-SIM-0.2,1.26,4.6,89.0,Pass,None,No
WHRM-00861,2026-07-10,Line C,Day,TS-02,FW-SIM-0.2,0.58,4.92,88.2,Pass,None,No
WHRM-00862,2026-07-10,Line B,Evening,TS-03,FW-SIM-0.2,1.4,4.83,93.8,Pass,None,No
WHRM-00863,2026-07-10,Line C,Evening,TS-02,FW-SIM-0.2,2.68,3.88,89.1,Pass,None,No
WHRM-00864,2026-07-10,Line C,Day,TS-01,FW-SIM-0.2,3.39,4.71,91.5,Pass,None,No
WHRM-00865,2026-07-10,Line B,Evening,TS-01,FW-SIM-0.2,2.22,3.95,88.9,Pass,None,No
WHRM-00866,2026-07-10,Line B,Evening,TS-01,FW-SIM-0.2,3.53,5.41,86.4,Fail,Slow response time,No
WHRM-00867,2026-07-10,Line A,Day,TS-01,FW-SIM-0.2,0.1,3.76,94.8,Pass,None,No
WHRM-00868,2026-07-10,Line B,Evening,TS-03,FW-SIM-0.2,4.28,4.4,82.7,Pass,None,No
WHRM-00869,2026-07-10,Line A,Evening,TS-02,FW-SIM-0.2,1.97,3.95,89.3,Pass,None,No
WHRM-00870,2026-07-10,Line B,Evening,TS-02,FW-SIM-0.2,3.84,4.53,95.8,Pass,None,No
WHRM-00871,2026-07-10,Line B,Day,TS-01,FW-SIM-0.2,4.22,4.28,93.2,Pass,None,No
WHRM-00872,2026-07-10,Line A,Evening,TS-02,FW-SIM-0.2,1.72,3.68,91.9,Pass,None,No
WHRM-00873,2026-07-10,Line B,Day,TS-02,FW-SIM-0.2,2.97,4.47,88.7,Pass,None,No
WHRM-00874,2026-07-10,Line B,Day,TS-03,FW-SIM-0.2,3.56,3.74,73.3,Fail,Low signal quality,Yes
WHRM-00875,2026-07-10,Line A,Day,TS-02,FW-SIM-0.2,0.32,3.96,95.1,Pass,None,No
WHRM-00876,2026-07-10,Line B,Evening,TS-03,FW-SIM-0.2,3.91,5.31,87.3,Fail,Slow response time,Yes
WHRM-00877,2026-07-10,Line B,Evening,TS-02,FW-SIM-0.2,3.04,3.85,98.1,Pass,None,No
WHRM-00878,2026-07-10,Line B,Evening,TS-01,FW-SIM-0.2,1.53,3.83,89.7,Pass,None,No
WHRM-00879,2026-07-10,Line A,Day,TS-02,FW-SIM-0.2,5.84,5.08,79.3,Fail,High heart-rate error,Yes
WHRM-00880,2026-07-10,Line B,Day,TS-01,FW-SIM-0.2,3.37,5.07,91.2,Fail,Slow response time,Yes
WHRM-00881,2026-07-10,Line A,Day,TS-02,FW-SIM-0.2,2.89,4.01,98.6,Pass,None,No
WHRM-00882,2026-07-10,Line B,Evening,TS-03,FW-SIM-0.2,3.36,4.83,76.5,Fail,Low signal quality,No
WHRM-00883,2026-07-10,Line A,Day,TS-01,FW-SIM-0.2,1.07,4.16,87.9,Pass,None,No
WHRM-00884,2026-07-10,Line C,Day,TS-02,FW-SIM-0.2,1.52,4.4,99.8,Pass,None,No
WHRM-00885,2026-07-10,Line A,Evening,TS-02,FW-SIM-0.2,2.24,4.16,94.1,Pass,None,No
WHRM-00886,2026-07-10,Line B,Evening,TS-01,FW-SIM-0.2,3.0,5.24,89.7,Fail,Slow response time,Yes
WHRM-00887,2026-07-10,Line C,Day,TS-02,FW-SIM-0.2,3.69,4.1,85.9,Pass,None,No
WHRM-00888,2026-07-10,Line C,Day,TS-02,FW-SIM-0.2,4.7,3.6,94.2,Pass,None,No
WHRM-00889,2026-07-10,Line C,Evening,TS-01,FW-SIM-0.2,0.52,3.34,78.9,Fail,Low signal quality,Yes
WHRM-00890,2026-07-11,Line C,Day,TS-01,FW-SIM-0.2,4.49,4.75,83.8,Pass,None,No
WHRM-00891,2026-07-11,Line C,Day,TS-03,FW-SIM-0.2,4.69,4.34,91.3,Pass,None,No
WHRM-00892,2026-07-11,Line A,Day,TS-01,FW-SIM-0.2,2.72,3.76,89.7,Pass,None,No
WHRM-00893,2026-07-11,Line A,Day,TS-01,FW-SIM-0.2,4.02,3.99,100.0,Pass,None,No
WHRM-00894,2026-07-11,Line B,Day,TS-02,FW-SIM-0.2,2.04,4.57,87.1,Pass,None,No
WHRM-00895,2026-07-11,Line B,Evening,TS-02,FW-SIM-0.2,2.2,3.64,88.8,Pass,None,No
WHRM-00896,2026-07-11,Line C,Evening,TS-01,FW-SIM-0.2,2.33,4.01,97.9,Pass,None,No
WHRM-00897,2026-07-11,Line B,Day,TS-02,FW-SIM-0.2,5.14,4.19,99.2,Fail,High heart-rate error,Yes
WHRM-00898,2026-07-11,Line B,Evening,TS-02,FW-SIM-0.2,2.98,4.11,89.3,Pass,None,No
WHRM-00899,2026-07-11,Line A,Day,TS-02,FW-SIM-0.2,1.72,4.27,89.9,Pass,None,No
WHRM-00900,2026-07-11,Line B,Evening,TS-01,FW-SIM-0.2,5.27,4.5,91.2,Fail,High heart-rate error,Yes
WHRM-00901,2026-07-11,Line A,Day,TS-01,FW-SIM-0.2,2.55,4.45,96.5,Pass,None,No
WHRM-00902,2026-07-11,Line A,Evening,TS-03,FW-SIM-0.2,0.78,2.96,82.6,Pass,None,No
WHRM-00903,2026-07-11,Line A,Evening,TS-03,FW-SIM-0.2,3.66,4.08,85.4,Pass,None,No
WHRM-00904,2026-07-11,Line A,Evening,TS-01,FW-SIM-0.2,2.48,4.59,88.6,Pass,None,No
WHRM-00905,2026-07-11,Line A,Day,TS-02,FW-SIM-0.2,2.91,2.95,90.9,Pass,None,No
WHRM-00906,2026-07-11,Line A,Evening,TS-01,FW-SIM-0.2,3.49,4.65,89.6,Pass,None,No
WHRM-00907,2026-07-11,Line B,Evening,TS-02,FW-SIM-0.2,2.31,4.99,91.6,Pass,None,No
WHRM-00908,2026-07-11,Line B,Evening,TS-02,FW-SIM-0.2,1.57,4.15,81.3,Fail,Low signal quality,Yes
WHRM-00909,2026-07-11,Line B,Day,TS-01,FW-SIM-0.2,3.98,3.56,93.0,Pass,None,No
WHRM-00910,2026-07-11,Line A,Day,TS-03,FW-SIM-0.2,2.65,4.87,88.4,Pass,None,No
WHRM-00911,2026-07-11,Line A,Evening,TS-02,FW-SIM-0.2,1.11,4.05,87.8,Pass,None,No
WHRM-00912,2026-07-11,Line A,Evening,TS-02,FW-SIM-0.2,2.96,4.62,95.8,Pass,None,No
WHRM-00913,2026-07-11,Line A,Day,TS-02,FW-SIM-0.2,2.99,3.47,90.3,Pass,None,No
WHRM-00914,2026-07-11,Line A,Day,TS-03,FW-SIM-0.2,2.72,4.89,85.2,Pass,None,No
WHRM-00915,2026-07-11,Line A,Evening,TS-01,FW-SIM-0.2,0.15,4.55,100.0,Pass,None,No
WHRM-00916,2026-07-11,Line C,Day,TS-01,FW-SIM-0.2,1.06,3.87,96.4,Pass,None,No
WHRM-00917,2026-07-11,Line A,Evening,TS-03,FW-SIM-0.2,2.64,4.11,84.0,Pass,None,No
WHRM-00918,2026-07-11,Line B,Day,TS-03,FW-SIM-0.2,3.03,3.84,88.4,Pass,None,No
WHRM-00919,2026-07-11,Line C,Evening,TS-03,FW-SIM-0.2,2.38,4.04,85.1,Pass,None,No
WHRM-00920,2026-07-11,Line B,Day,TS-02,FW-SIM-0.2,4.01,5.53,94.3,Fail,Slow response time,Yes
WHRM-00921,2026-07-11,Line C,Day,TS-01,FW-SIM-0.2,4.06,5.09,87.8,Fail,Slow response time,Yes
WHRM-00922,2026-07-11,Line A,Day,TS-02,FW-SIM-0.2,0.34,4.37,97.5,Pass,None,No
WHRM-00923,2026-07-11,Line C,Evening,TS-02,FW-SIM-0.2,2.27,4.78,96.2,Pass,None,No
WHRM-00924,2026-07-11,Line C,Evening,TS-03,FW-SIM-0.2,0.93,3.43,96.3,Pass,None,No
WHRM-00925,2026-07-11,Line A,Evening,TS-02,FW-SIM-0.2,1.99,4.3,86.6,Pass,None,No
WHRM-00926,2026-07-11,Line A,Day,TS-01,FW-SIM-0.2,2.59,4.44,96.2,Pass,None,No
WHRM-00927,2026-07-11,Line C,Evening,TS-02,FW-SIM-0.2,4.46,3.9,97.3,Pass,None,No
WHRM-00928,2026-07-11,Line B,Day,TS-02,FW-SIM-0.2,5.03,4.05,97.1,Fail,High heart-rate error,No
WHRM-00929,2026-07-11,Line C,Day,TS-03,FW-SIM-0.2,3.28,5.7,88.9,Fail,Slow response time,Yes
WHRM-00930,2026-07-11,Line C,Day,TS-01,FW-SIM-0.2,4.4,3.86,86.6,Pass,None,No
WHRM-00931,2026-07-11,Line B,Day,TS-03,FW-SIM-0.2,5.01,4.9,90.4,Fail,High heart-rate error,Yes
WHRM-00932,2026-07-11,Line B,Day,TS-02,FW-SIM-0.2,3.04,6.1,92.1,Fail,Slow response time,No
WHRM-00933,2026-07-11,Line C,Day,TS-02,FW-SIM-0.2,1.95,4.09,81.1,Fail,Low signal quality,Yes
WHRM-00934,2026-07-11,Line A,Evening,TS-01,FW-SIM-0.2,2.65,4.44,94.0,Pass,None,No
WHRM-00935,2026-07-11,Line A,Evening,TS-01,FW-SIM-0.2,1.21,3.91,85.1,Pass,None,No
WHRM-00936,2026-07-11,Line C,Day,TS-03,FW-SIM-0.2,2.77,3.67,89.8,Pass,None,No
WHRM-00937,2026-07-11,Line C,Day,TS-02,FW-SIM-0.2,5.6,3.56,92.1,Fail,High heart-rate error,Yes
WHRM-00938,2026-07-11,Line A,Day,TS-03,FW-SIM-0.2,1.64,5.02,83.7,Fail,Slow response time,No
WHRM-00939,2026-07-11,Line B,Day,TS-01,FW-SIM-0.2,5.54,4.61,87.8,Fail,High heart-rate error,Yes
WHRM-00940,2026-07-11,Line A,Day,TS-02,FW-SIM-0.2,1.95,2.69,92.3,Pass,None,No
WHRM-00941,2026-07-11,Line C,Day,TS-02,FW-SIM-0.2,2.17,5.4,100.0,Fail,Slow response time,No
WHRM-00942,2026-07-11,Line C,Day,TS-02,FW-SIM-0.2,1.98,5.16,75.0,Fail,Slow response time,Yes
WHRM-00943,2026-07-11,Line B,Evening,TS-02,FW-SIM-0.2,3.93,4.5,94.0,Pass,None,No
WHRM-00944,2026-07-11,Line C,Day,TS-02,FW-SIM-0.2,3.72,4.85,87.7,Fail,Assembly defect,Yes
WHRM-00945,2026-07-11,Line B,Day,TS-03,FW-SIM-0.2,3.89,5.03,94.8,Fail,Slow response time,No
WHRM-00946,2026-07-11,Line B,Evening,TS-03,FW-SIM-0.2,2.45,4.61,87.4,Pass,None,No
WHRM-00947,2026-07-11,Line A,Day,TS-01,FW-SIM-0.2,1.97,3.24,84.7,Pass,None,No
WHRM-00948,2026-07-11,Line A,Day,TS-03,FW-SIM-0.2,2.81,5.24,83.7,Fail,Slow response time,No
WHRM-00949,2026-07-11,Line B,Day,TS-03,FW-SIM-0.2,3.19,5.51,85.9,Fail,Slow response time,No
WHRM-00950,2026-07-11,Line C,Evening,TS-02,FW-SIM-0.2,0.97,4.84,95.0,Pass,None,No
WHRM-00951,2026-07-11,Line C,Day,TS-01,FW-SIM-0.2,1.4,4.27,87.1,Pass,None,No
WHRM-00952,2026-07-11,Line A,Day,TS-01,FW-SIM-0.2,1.65,4.41,88.1,Pass,None,No
WHRM-00953,2026-07-11,Line B,Day,TS-01,FW-SIM-0.2,0.92,3.72,89.4,Pass,None,No
WHRM-00954,2026-07-11,Line B,Evening,TS-02,FW-SIM-0.2,2.76,4.94,92.5,Pass,None,No
WHRM-00955,2026-07-11,Line B,Day,TS-02,FW-SIM-0.2,3.12,4.1,82.4,Pass,None,No
WHRM-00956,2026-07-11,Line A,Day,TS-03,FW-SIM-0.2,5.51,4.82,91.5,Fail,High heart-rate error,No
WHRM-00957,2026-07-11,Line B,Evening,TS-02,FW-SIM-0.2,2.06,3.76,90.6,Pass,None,No
WHRM-00958,2026-07-11,Line B,Day,TS-01,FW-SIM-0.2,4.88,4.32,89.3,Pass,None,No
WHRM-00959,2026-07-11,Line B,Day,TS-02,FW-SIM-0.2,3.02,5.68,97.9,Fail,Slow response time,Yes
WHRM-00960,2026-07-11,Line A,Evening,TS-02,FW-SIM-0.2,2.69,4.87,91.4,Pass,None,No
WHRM-00961,2026-07-11,Line B,Evening,TS-01,FW-SIM-0.2,2.38,4.66,96.9,Pass,None,No
WHRM-00962,2026-07-11,Line A,Day,TS-01,FW-SIM-0.2,4.01,4.43,90.4,Pass,None,No
WHRM-00963,2026-07-11,Line C,Day,TS-01,FW-SIM-0.2,2.61,4.56,87.2,Pass,None,No
WHRM-00964,2026-07-11,Line A,Evening,TS-03,FW-SIM-0.2,3.88,3.76,80.6,Fail,Cosmetic defect,Yes
WHRM-00965,2026-07-11,Line A,Evening,TS-01,FW-SIM-0.2,3.1,4.39,98.1,Pass,None,No
WHRM-00966,2026-07-11,Line C,Evening,TS-01,FW-SIM-0.2,5.19,4.22,98.3,Fail,High heart-rate error,Yes
WHRM-00967,2026-07-11,Line A,Day,TS-01,FW-SIM-0.2,2.7,4.46,89.4,Pass,None,No
WHRM-00968,2026-07-11,Line C,Day,TS-02,FW-SIM-0.2,3.85,4.43,90.5,Pass,None,No
WHRM-00969,2026-07-11,Line A,Day,TS-02,FW-SIM-0.2,1.98,4.88,96.2,Pass,None,No
WHRM-00970,2026-07-11,Line A,Day,TS-02,FW-SIM-0.2,0.78,4.16,90.0,Pass,None,No
WHRM-00971,2026-07-11,Line A,Day,TS-03,FW-SIM-0.2,4.08,3.96,90.2,Pass,None,No
WHRM-00972,2026-07-11,Line C,Day,TS-03,FW-SIM-0.2,1.66,4.15,84.8,Pass,None,No
WHRM-00973,2026-07-11,Line A,Evening,TS-02,FW-SIM-0.2,3.75,4.73,88.1,Pass,None,No
WHRM-00974,2026-07-11,Line C,Day,TS-02,FW-SIM-0.2,4.03,4.53,93.8,Pass,None,No
WHRM-00975,2026-07-11,Line B,Day,TS-02,FW-SIM-0.2,1.06,4.31,80.2,Fail,Low signal quality,No
WHRM-00976,2026-07-11,Line A,Evening,TS-03,FW-SIM-0.2,0.1,3.48,88.8,Pass,None,No
WHRM-00977,2026-07-11,Line B,Day,TS-03,FW-SIM-0.2,3.66,3.18,86.5,Pass,None,No
WHRM-00978,2026-07-11,Line B,Day,TS-02,FW-SIM-0.2,4.5,4.39,83.3,Pass,None,No
WHRM-00979,2026-07-12,Line A,Evening,TS-03,FW-SIM-0.2,0.95,4.98,88.7,Pass,None,No
WHRM-00980,2026-07-12,Line B,Day,TS-01,FW-SIM-0.2,1.91,4.97,90.8,Pass,None,No
WHRM-00981,2026-07-12,Line C,Day,TS-01,FW-SIM-0.2,2.44,4.49,87.1,Pass,None,No
WHRM-00982,2026-07-12,Line B,Evening,TS-03,FW-SIM-0.2,2.94,3.4,82.5,Pass,None,No
WHRM-00983,2026-07-12,Line B,Evening,TS-02,FW-SIM-0.2,1.29,4.8,99.4,Pass,None,No
WHRM-00984,2026-07-12,Line B,Day,TS-02,FW-SIM-0.2,3.1,3.58,82.3,Pass,None,No
WHRM-00985,2026-07-12,Line A,Evening,TS-03,FW-SIM-0.2,4.11,3.98,89.8,Pass,None,No
WHRM-00986,2026-07-12,Line B,Evening,TS-01,FW-SIM-0.2,2.49,3.26,83.0,Pass,None,No
WHRM-00987,2026-07-12,Line B,Evening,TS-01,FW-SIM-0.2,5.54,4.56,97.8,Fail,High heart-rate error,Yes
WHRM-00988,2026-07-12,Line A,Evening,TS-01,FW-SIM-0.2,2.79,5.12,93.7,Fail,Slow response time,No
WHRM-00989,2026-07-12,Line B,Day,TS-02,FW-SIM-0.2,3.41,3.21,90.5,Pass,None,No
WHRM-00990,2026-07-12,Line B,Evening,TS-02,FW-SIM-0.2,1.75,4.07,98.9,Pass,None,No
WHRM-00991,2026-07-12,Line A,Day,TS-03,FW-SIM-0.2,3.12,4.16,87.4,Fail,Assembly defect,Yes
WHRM-00992,2026-07-12,Line C,Evening,TS-01,FW-SIM-0.2,1.08,3.9,97.8,Pass,None,No
WHRM-00993,2026-07-12,Line A,Day,TS-01,FW-SIM-0.2,4.08,3.83,88.0,Pass,None,No
WHRM-00994,2026-07-12,Line C,Evening,TS-01,FW-SIM-0.2,2.28,5.29,95.9,Fail,Slow response time,Yes
WHRM-00995,2026-07-12,Line A,Evening,TS-01,FW-SIM-0.2,3.09,5.07,90.3,Fail,Slow response time,Yes
WHRM-00996,2026-07-12,Line A,Day,TS-02,FW-SIM-0.2,1.28,3.19,95.8,Pass,None,No
WHRM-00997,2026-07-12,Line A,Day,TS-03,FW-SIM-0.2,2.96,3.95,89.4,Pass,None,No
WHRM-00998,2026-07-12,Line B,Day,TS-01,FW-SIM-0.2,4.89,5.14,95.9,Fail,Slow response time,Yes
WHRM-00999,2026-07-12,Line C,Evening,TS-01,FW-SIM-0.2,2.11,5.24,94.9,Fail,Cosmetic defect,Yes
WHRM-01000,2026-07-12,Line A,Evening,TS-03,FW-SIM-0.2,2.34,4.23,82.8,Pass,None,No
WHRM-01001,2026-07-12,Line B,Evening,TS-01,FW-SIM-0.2,2.81,3.61,98.0,Pass,None,No
WHRM-01002,2026-07-12,Line A,Day,TS-03,FW-SIM-0.2,5.37,4.16,87.4,Fail,High heart-rate error,No
WHRM-01003,2026-07-12,Line A,Day,TS-03,FW-SIM-0.2,0.67,3.85,89.3,Pass,None,No
WHRM-01004,2026-07-12,Line B,Day,TS-02,FW-SIM-0.2,4.67,4.66,87.1,Pass,None,No
WHRM-01005,2026-07-12,Line B,Evening,TS-02,FW-SIM-0.2,3.23,5.23,84.8,Fail,Slow response time,Yes
WHRM-01006,2026-07-12,Line A,Day,TS-02,FW-SIM-0.2,1.78,5.22,90.9,Fail,Slow response time,Yes
WHRM-01007,2026-07-12,Line A,Evening,TS-03,FW-SIM-0.2,2.69,5.32,92.8,Fail,Slow response time,Yes
WHRM-01008,2026-07-12,Line B,Evening,TS-03,FW-SIM-0.2,2.97,5.1,86.8,Fail,Slow response time,Yes
WHRM-01009,2026-07-12,Line A,Day,TS-01,FW-SIM-0.2,1.58,4.66,84.9,Pass,None,No
WHRM-01010,2026-07-12,Line A,Day,TS-02,FW-SIM-0.2,2.66,3.53,92.7,Pass,None,No
WHRM-01011,2026-07-12,Line A,Day,TS-01,FW-SIM-0.2,2.47,4.52,91.7,Pass,None,No
WHRM-01012,2026-07-12,Line A,Evening,TS-02,FW-SIM-0.2,1.92,4.07,90.1,Pass,None,No
WHRM-01013,2026-07-12,Line C,Day,TS-01,FW-SIM-0.2,2.51,4.58,87.5,Pass,None,No
WHRM-01014,2026-07-12,Line A,Evening,TS-01,FW-SIM-0.2,0.1,4.05,94.9,Pass,None,No
WHRM-01015,2026-07-12,Line B,Day,TS-01,FW-SIM-0.2,5.05,4.23,93.6,Fail,High heart-rate error,Yes
WHRM-01016,2026-07-12,Line C,Day,TS-02,FW-SIM-0.2,1.92,4.11,86.6,Pass,None,No
WHRM-01017,2026-07-12,Line C,Day,TS-01,FW-SIM-0.2,0.1,4.45,88.2,Pass,None,No
WHRM-01018,2026-07-12,Line B,Day,TS-03,FW-SIM-0.2,1.3,4.14,87.4,Pass,None,No
WHRM-01019,2026-07-12,Line B,Day,TS-01,FW-SIM-0.2,4.64,4.33,93.4,Pass,None,No
WHRM-01020,2026-07-12,Line B,Evening,TS-01,FW-SIM-0.2,1.79,4.55,91.1,Pass,None,No
WHRM-01021,2026-07-12,Line C,Evening,TS-02,FW-SIM-0.2,1.93,3.17,82.6,Pass,None,No
WHRM-01022,2026-07-12,Line B,Day,TS-01,FW-SIM-0.2,1.82,6.06,95.5,Fail,Slow response time,No
WHRM-01023,2026-07-12,Line A,Day,TS-03,FW-SIM-0.2,2.45,4.87,85.9,Pass,None,No
WHRM-01024,2026-07-12,Line A,Evening,TS-01,FW-SIM-0.2,2.05,3.51,87.1,Pass,None,No
WHRM-01025,2026-07-12,Line A,Evening,TS-03,FW-SIM-0.2,2.61,4.92,84.4,Pass,None,No
WHRM-01026,2026-07-12,Line A,Day,TS-02,FW-SIM-0.2,2.66,3.99,85.2,Pass,None,No
WHRM-01027,2026-07-12,Line B,Evening,TS-02,FW-SIM-0.2,0.78,3.81,86.5,Pass,None,No
WHRM-01028,2026-07-12,Line B,Evening,TS-02,FW-SIM-0.2,4.27,3.8,88.7,Pass,None,No
WHRM-01029,2026-07-12,Line A,Evening,TS-02,FW-SIM-0.2,0.87,4.31,96.1,Pass,None,No
WHRM-01030,2026-07-12,Line C,Day,TS-01,FW-SIM-0.2,4.26,4.72,93.3,Pass,None,No
WHRM-01031,2026-07-12,Line B,Day,TS-02,FW-SIM-0.2,2.74,4.98,93.8,Pass,None,No
WHRM-01032,2026-07-12,Line B,Day,TS-01,FW-SIM-0.2,0.7,3.57,96.2,Fail,Assembly defect,Yes
WHRM-01033,2026-07-12,Line A,Evening,TS-02,FW-SIM-0.2,1.21,4.07,99.4,Pass,None,No
WHRM-01034,2026-07-12,Line A,Evening,TS-02,FW-SIM-0.2,2.06,4.94,93.1,Pass,None,No
WHRM-01035,2026-07-12,Line A,Day,TS-01,FW-SIM-0.2,1.69,4.75,95.3,Pass,None,No
WHRM-01036,2026-07-12,Line A,Day,TS-03,FW-SIM-0.2,3.61,3.39,79.3,Fail,Low signal quality,Yes
WHRM-01037,2026-07-12,Line A,Evening,TS-03,FW-SIM-0.2,3.41,3.73,86.5,Pass,None,No
WHRM-01038,2026-07-12,Line A,Evening,TS-01,FW-SIM-0.2,2.22,4.03,89.6,Pass,None,No
WHRM-01039,2026-07-12,Line B,Day,TS-01,FW-SIM-0.2,1.91,5.02,91.7,Fail,Slow response time,No
WHRM-01040,2026-07-12,Line B,Day,TS-02,FW-SIM-0.2,3.09,4.65,79.6,Fail,Low signal quality,Yes
WHRM-01041,2026-07-12,Line A,Evening,TS-03,FW-SIM-0.2,2.32,5.57,78.5,Fail,Slow response time,No
WHRM-01042,2026-07-12,Line A,Day,TS-01,FW-SIM-0.2,2.78,4.19,97.3,Pass,None,No
WHRM-01043,2026-07-12,Line A,Day,TS-02,FW-SIM-0.2,4.22,4.57,89.9,Pass,None,No
WHRM-01044,2026-07-12,Line B,Day,TS-01,FW-SIM-0.2,2.89,4.01,85.3,Pass,None,No
WHRM-01045,2026-07-12,Line A,Day,TS-02,FW-SIM-0.2,1.72,2.2,95.4,Pass,None,No
WHRM-01046,2026-07-12,Line A,Evening,TS-01,FW-SIM-0.2,4.75,4.38,81.7,Fail,Low signal quality,No
WHRM-01047,2026-07-12,Line A,Day,TS-01,FW-SIM-0.2,0.47,3.71,91.7,Pass,None,No
WHRM-01048,2026-07-12,Line A,Day,TS-03,FW-SIM-0.2,1.78,3.51,81.0,Fail,Low signal quality,Yes
WHRM-01049,2026-07-12,Line C,Day,TS-01,FW-SIM-0.2,3.33,3.92,94.4,Pass,None,No
WHRM-01050,2026-07-12,Line A,Day,TS-03,FW-SIM-0.2,2.01,3.63,93.1,Pass,None,No
WHRM-01051,2026-07-12,Line B,Evening,TS-01,FW-SIM-0.2,0.82,4.36,98.5,Pass,None,No
WHRM-01052,2026-07-12,Line C,Day,TS-01,FW-SIM-0.2,0.1,5.35,82.6,Fail,Slow response time,Yes
WHRM-01053,2026-07-12,Line C,Day,TS-01,FW-SIM-0.2,3.4,4.35,95.8,Pass,None,No
WHRM-01054,2026-07-12,Line A,Day,TS-01,FW-SIM-0.2,4.13,4.41,90.1,Pass,None,No
WHRM-01055,2026-07-12,Line A,Evening,TS-01,FW-SIM-0.2,2.51,4.53,95.7,Pass,None,No
WHRM-01056,2026-07-12,Line B,Evening,TS-02,FW-SIM-0.2,0.99,4.87,94.6,Pass,None,No
WHRM-01057,2026-07-12,Line A,Day,TS-01,FW-SIM-0.2,3.46,4.18,100.0,Pass,None,No
WHRM-01058,2026-07-12,Line C,Day,TS-01,FW-SIM-0.2,3.56,4.5,94.5,Pass,None,No
WHRM-01059,2026-07-12,Line B,Day,TS-01,FW-SIM-0.2,4.73,3.59,93.1,Pass,None,No
WHRM-01060,2026-07-12,Line A,Day,TS-01,FW-SIM-0.2,1.86,3.21,79.7,Fail,Low signal quality,Yes
WHRM-01061,2026-07-12,Line A,Day,TS-02,FW-SIM-0.2,6.73,3.81,87.4,Fail,High heart-rate error,Yes
WHRM-01062,2026-07-12,Line A,Day,TS-01,FW-SIM-0.2,1.55,3.19,90.4,Pass,None,No
WHRM-01063,2026-07-12,Line C,Evening,TS-01,FW-SIM-0.2,3.77,5.11,81.0,Fail,Slow response time,No
WHRM-01064,2026-07-12,Line A,Evening,TS-01,FW-SIM-0.2,3.78,4.75,92.8,Pass,None,No
WHRM-01065,2026-07-12,Line A,Evening,TS-02,FW-SIM-0.2,1.44,4.45,85.2,Pass,None,No
WHRM-01066,2026-07-12,Line C,Evening,TS-02,FW-SIM-0.2,3.73,4.95,97.3,Pass,None,No
WHRM-01067,2026-07-12,Line A,Day,TS-01,FW-SIM-0.2,3.34,4.3,97.8,Pass,None,No
WHRM-01068,2026-07-13,Line B,Day,TS-01,FW-SIM-0.2,1.43,3.96,91.5,Pass,None,No
WHRM-01069,2026-07-13,Line A,Evening,TS-01,FW-SIM-0.2,1.35,3.88,91.4,Pass,None,No
WHRM-01070,2026-07-13,Line B,Evening,TS-01,FW-SIM-0.2,2.21,4.46,84.1,Pass,None,No
WHRM-01071,2026-07-13,Line B,Day,TS-01,FW-SIM-0.2,2.68,3.35,91.1,Pass,None,No
WHRM-01072,2026-07-13,Line B,Evening,TS-02,FW-SIM-0.2,4.56,3.55,84.9,Pass,None,No
WHRM-01073,2026-07-13,Line A,Day,TS-01,FW-SIM-0.2,2.34,4.05,89.6,Pass,None,No
WHRM-01074,2026-07-13,Line B,Day,TS-03,FW-SIM-0.2,1.91,4.43,87.6,Pass,None,No
WHRM-01075,2026-07-13,Line B,Evening,TS-03,FW-SIM-0.2,3.18,3.56,78.5,Fail,Low signal quality,Yes
WHRM-01076,2026-07-13,Line C,Evening,TS-01,FW-SIM-0.2,3.26,4.2,94.4,Pass,None,No
WHRM-01077,2026-07-13,Line B,Evening,TS-02,FW-SIM-0.2,2.64,3.06,87.9,Pass,None,No
WHRM-01078,2026-07-13,Line B,Day,TS-01,FW-SIM-0.2,3.97,4.51,89.3,Pass,None,No
WHRM-01079,2026-07-13,Line A,Day,TS-01,FW-SIM-0.2,3.97,4.68,92.8,Pass,None,No
WHRM-01080,2026-07-13,Line C,Day,TS-03,FW-SIM-0.2,1.66,3.89,88.1,Pass,None,No
WHRM-01081,2026-07-13,Line A,Day,TS-01,FW-SIM-0.2,1.23,4.07,85.2,Pass,None,No
WHRM-01082,2026-07-13,Line A,Day,TS-01,FW-SIM-0.2,0.13,4.05,93.8,Pass,None,No
WHRM-01083,2026-07-13,Line B,Evening,TS-01,FW-SIM-0.2,4.3,4.0,94.4,Pass,None,No
WHRM-01084,2026-07-13,Line A,Day,TS-01,FW-SIM-0.2,4.52,4.24,91.0,Pass,None,No
WHRM-01085,2026-07-13,Line B,Day,TS-01,FW-SIM-0.2,0.66,3.62,86.5,Pass,None,No
WHRM-01086,2026-07-13,Line A,Day,TS-03,FW-SIM-0.2,3.08,3.89,90.8,Pass,None,No
WHRM-01087,2026-07-13,Line A,Day,TS-01,FW-SIM-0.2,3.25,4.78,89.3,Pass,None,No
WHRM-01088,2026-07-13,Line A,Evening,TS-02,FW-SIM-0.2,3.4,4.14,97.0,Pass,None,No
WHRM-01089,2026-07-13,Line C,Evening,TS-02,FW-SIM-0.2,2.01,4.93,92.5,Pass,None,No
WHRM-01090,2026-07-13,Line A,Evening,TS-02,FW-SIM-0.2,4.05,3.34,90.2,Pass,None,No
WHRM-01091,2026-07-13,Line B,Evening,TS-01,FW-SIM-0.2,2.53,4.03,86.5,Pass,None,No
WHRM-01092,2026-07-13,Line A,Day,TS-02,FW-SIM-0.2,2.06,5.66,92.5,Fail,Slow response time,Yes
WHRM-01093,2026-07-13,Line A,Evening,TS-01,FW-SIM-0.2,1.73,4.74,93.5,Pass,None,No
WHRM-01094,2026-07-13,Line B,Evening,TS-01,FW-SIM-0.2,2.22,3.94,93.6,Pass,None,No
WHRM-01095,2026-07-13,Line B,Evening,TS-02,FW-SIM-0.2,5.62,4.35,100.0,Fail,High heart-rate error,No
WHRM-01096,2026-07-13,Line B,Evening,TS-02,FW-SIM-0.2,3.92,5.03,87.8,Fail,Slow response time,Yes
WHRM-01097,2026-07-13,Line B,Day,TS-01,FW-SIM-0.2,4.29,4.24,91.9,Pass,None,No
WHRM-01098,2026-07-13,Line B,Day,TS-01,FW-SIM-0.2,1.75,5.12,91.8,Fail,Slow response time,Yes
WHRM-01099,2026-07-13,Line A,Evening,TS-01,FW-SIM-0.2,2.65,3.99,85.5,Pass,None,No
WHRM-01100,2026-07-13,Line A,Evening,TS-01,FW-SIM-0.2,4.49,3.99,93.8,Pass,None,No
WHRM-01101,2026-07-13,Line A,Day,TS-01,FW-SIM-0.2,1.58,4.35,90.5,Pass,None,No
WHRM-01102,2026-07-13,Line A,Day,TS-03,FW-SIM-0.2,0.1,4.66,92.8,Pass,None,No
WHRM-01103,2026-07-13,Line B,Day,TS-02,FW-SIM-0.2,5.2,4.84,79.7,Fail,High heart-rate error,Yes
WHRM-01104,2026-07-13,Line C,Evening,TS-03,FW-SIM-0.2,0.66,3.65,85.4,Pass,None,No
WHRM-01105,2026-07-13,Line A,Day,TS-02,FW-SIM-0.2,5.09,4.26,92.6,Fail,High heart-rate error,Yes
WHRM-01106,2026-07-13,Line C,Evening,TS-01,FW-SIM-0.2,0.16,4.5,98.2,Pass,None,No
WHRM-01107,2026-07-13,Line A,Day,TS-02,FW-SIM-0.2,3.15,4.01,98.1,Pass,None,No
WHRM-01108,2026-07-13,Line B,Day,TS-02,FW-SIM-0.2,3.56,4.31,97.1,Pass,None,No
WHRM-01109,2026-07-13,Line B,Day,TS-01,FW-SIM-0.2,0.77,4.19,92.5,Fail,Assembly defect,Yes
WHRM-01110,2026-07-13,Line A,Day,TS-03,FW-SIM-0.2,1.56,3.67,98.1,Fail,Assembly defect,Yes
WHRM-01111,2026-07-13,Line B,Evening,TS-01,FW-SIM-0.2,1.1,5.08,83.4,Fail,Slow response time,Yes
WHRM-01112,2026-07-13,Line B,Evening,TS-01,FW-SIM-0.2,3.95,3.82,85.0,Pass,None,No
WHRM-01113,2026-07-13,Line B,Evening,TS-03,FW-SIM-0.2,4.79,4.92,97.2,Pass,None,No
WHRM-01114,2026-07-13,Line A,Evening,TS-02,FW-SIM-0.2,2.2,4.78,98.5,Pass,None,No
WHRM-01115,2026-07-13,Line B,Day,TS-02,FW-SIM-0.2,2.31,4.23,89.7,Pass,None,No
WHRM-01116,2026-07-13,Line B,Evening,TS-02,FW-SIM-0.2,4.36,3.83,95.6,Pass,None,No
WHRM-01117,2026-07-13,Line C,Day,TS-02,FW-SIM-0.2,3.59,4.99,100.0,Pass,None,No
WHRM-01118,2026-07-13,Line A,Day,TS-02,FW-SIM-0.2,0.37,4.26,92.8,Pass,None,No
WHRM-01119,2026-07-13,Line B,Day,TS-01,FW-SIM-0.2,3.39,3.44,89.4,Pass,None,No
WHRM-01120,2026-07-13,Line B,Day,TS-03,FW-SIM-0.2,4.61,3.55,91.5,Pass,None,No
WHRM-01121,2026-07-13,Line A,Day,TS-01,FW-SIM-0.2,2.48,4.56,94.6,Pass,None,No
WHRM-01122,2026-07-13,Line C,Day,TS-02,FW-SIM-0.2,6.49,5.07,93.9,Fail,High heart-rate error,Yes
WHRM-01123,2026-07-13,Line B,Day,TS-03,FW-SIM-0.2,4.11,4.48,89.1,Pass,None,No
WHRM-01124,2026-07-13,Line A,Evening,TS-02,FW-SIM-0.2,1.11,4.67,85.8,Pass,None,No
WHRM-01125,2026-07-13,Line A,Evening,TS-01,FW-SIM-0.2,4.63,4.15,84.5,Pass,None,No
WHRM-01126,2026-07-13,Line A,Evening,TS-02,FW-SIM-0.2,2.74,4.33,86.4,Pass,None,No
WHRM-01127,2026-07-13,Line B,Evening,TS-01,FW-SIM-0.2,4.8,4.85,89.5,Pass,None,No
WHRM-01128,2026-07-13,Line A,Day,TS-01,FW-SIM-0.2,1.96,4.79,97.9,Pass,None,No
WHRM-01129,2026-07-13,Line B,Day,TS-01,FW-SIM-0.2,2.66,3.72,88.2,Pass,None,No
WHRM-01130,2026-07-13,Line B,Evening,TS-01,FW-SIM-0.2,4.51,4.41,96.8,Pass,None,No
WHRM-01131,2026-07-13,Line C,Day,TS-03,FW-SIM-0.2,3.1,4.36,93.1,Pass,None,No
WHRM-01132,2026-07-13,Line C,Evening,TS-03,FW-SIM-0.2,2.85,4.6,91.8,Pass,None,No
WHRM-01133,2026-07-13,Line A,Evening,TS-01,FW-SIM-0.2,2.72,4.23,90.6,Pass,None,No
WHRM-01134,2026-07-13,Line A,Day,TS-03,FW-SIM-0.2,4.66,4.77,98.3,Pass,None,No
WHRM-01135,2026-07-13,Line B,Evening,TS-03,FW-SIM-0.2,3.45,3.61,91.4,Fail,Assembly defect,Yes
WHRM-01136,2026-07-13,Line A,Day,TS-02,FW-SIM-0.2,3.38,4.14,96.1,Pass,None,No
WHRM-01137,2026-07-13,Line A,Evening,TS-02,FW-SIM-0.2,0.1,4.48,83.0,Pass,None,No
WHRM-01138,2026-07-13,Line C,Day,TS-01,FW-SIM-0.2,0.1,5.23,94.2,Fail,Slow response time,Yes
WHRM-01139,2026-07-13,Line A,Evening,TS-01,FW-SIM-0.2,3.21,3.92,95.8,Pass,None,No
WHRM-01140,2026-07-13,Line A,Day,TS-02,FW-SIM-0.2,2.6,3.65,75.7,Fail,Low signal quality,Yes
WHRM-01141,2026-07-13,Line C,Day,TS-03,FW-SIM-0.2,2.82,4.9,81.3,Fail,Low signal quality,Yes
WHRM-01142,2026-07-13,Line A,Evening,TS-01,FW-SIM-0.2,1.45,5.08,87.2,Fail,Slow response time,Yes
WHRM-01143,2026-07-13,Line B,Day,TS-01,FW-SIM-0.2,1.08,5.17,87.7,Fail,Slow response time,No
WHRM-01144,2026-07-13,Line C,Day,TS-03,FW-SIM-0.2,3.14,4.39,87.9,Pass,None,No
WHRM-01145,2026-07-13,Line A,Evening,TS-03,FW-SIM-0.2,3.71,3.92,83.4,Pass,None,No
WHRM-01146,2026-07-13,Line C,Day,TS-01,FW-SIM-0.2,3.35,5.32,98.2,Fail,Slow response time,Yes
WHRM-01147,2026-07-13,Line A,Evening,TS-03,FW-SIM-0.2,2.67,4.13,89.9,Pass,None,No
WHRM-01148,2026-07-13,Line A,Evening,TS-03,FW-SIM-0.2,0.92,4.35,77.4,Fail,Low signal quality,Yes
WHRM-01149,2026-07-13,Line B,Evening,TS-03,FW-SIM-0.2,4.23,4.35,91.0,Pass,None,No
WHRM-01150,2026-07-13,Line A,Day,TS-01,FW-SIM-0.2,2.32,4.79,91.2,Pass,None,No
WHRM-01151,2026-07-13,Line A,Evening,TS-01,FW-SIM-0.2,3.92,3.64,87.7,Pass,None,No
WHRM-01152,2026-07-13,Line A,Evening,TS-02,FW-SIM-0.2,1.35,4.49,89.4,Pass,None,No
WHRM-01153,2026-07-13,Line C,Day,TS-01,FW-SIM-0.2,0.76,5.28,93.3,Fail,Slow response time,Yes
WHRM-01154,2026-07-13,Line B,Day,TS-02,FW-SIM-0.2,4.26,5.09,97.1,Fail,Assembly defect,No
WHRM-01155,2026-07-13,Line C,Day,TS-02,FW-SIM-0.2,2.17,4.53,86.7,Pass,None,No
WHRM-01156,2026-07-13,Line C,Evening,TS-02,FW-SIM-0.2,1.17,4.26,85.6,Pass,None,No
WHRM-01157,2026-07-14,Line C,Day,TS-03,FW-SIM-0.2,0.1,5.03,84.4,Fail,Slow response time,Yes
WHRM-01158,2026-07-14,Line C,Day,TS-03,FW-SIM-0.2,1.07,4.63,81.0,Fail,Low signal quality,Yes
WHRM-01159,2026-07-14,Line B,Evening,TS-01,FW-SIM-0.2,2.5,2.85,94.6,Pass,None,No
WHRM-01160,2026-07-14,Line B,Day,TS-01,FW-SIM-0.2,6.08,4.21,92.5,Fail,High heart-rate error,No
WHRM-01161,2026-07-14,Line A,Day,TS-02,FW-SIM-0.2,1.58,3.16,83.2,Pass,None,No
WHRM-01162,2026-07-14,Line C,Day,TS-03,FW-SIM-0.2,5.51,4.94,87.3,Fail,High heart-rate error,Yes
WHRM-01163,2026-07-14,Line A,Day,TS-02,FW-SIM-0.2,2.16,5.55,95.3,Fail,Slow response time,Yes
WHRM-01164,2026-07-14,Line B,Evening,TS-01,FW-SIM-0.2,3.12,3.22,92.5,Pass,None,No
WHRM-01165,2026-07-14,Line C,Day,TS-03,FW-SIM-0.2,3.53,3.79,89.6,Pass,None,No
WHRM-01166,2026-07-14,Line A,Day,TS-03,FW-SIM-0.2,2.69,5.28,86.1,Fail,Slow response time,Yes
WHRM-01167,2026-07-14,Line B,Day,TS-01,FW-SIM-0.2,1.76,4.16,97.1,Pass,None,No
WHRM-01168,2026-07-14,Line A,Day,TS-01,FW-SIM-0.2,1.55,2.99,95.0,Pass,None,No
WHRM-01169,2026-07-14,Line A,Evening,TS-03,FW-SIM-0.2,4.06,4.43,87.3,Pass,None,No
WHRM-01170,2026-07-14,Line C,Day,TS-03,FW-SIM-0.2,2.63,4.76,87.2,Pass,None,No
WHRM-01171,2026-07-14,Line B,Day,TS-01,FW-SIM-0.2,4.23,5.02,92.4,Fail,Slow response time,Yes
WHRM-01172,2026-07-14,Line B,Day,TS-02,FW-SIM-0.2,2.84,5.53,87.4,Fail,Slow response time,Yes
WHRM-01173,2026-07-14,Line A,Day,TS-02,FW-SIM-0.2,5.05,3.63,87.4,Fail,High heart-rate error,Yes
WHRM-01174,2026-07-14,Line B,Evening,TS-03,FW-SIM-0.2,0.1,4.61,80.4,Fail,Low signal quality,Yes
WHRM-01175,2026-07-14,Line A,Day,TS-02,FW-SIM-0.2,4.96,4.86,95.4,Pass,None,No
WHRM-01176,2026-07-14,Line A,Evening,TS-01,FW-SIM-0.2,2.53,3.94,93.1,Pass,None,No
WHRM-01177,2026-07-14,Line C,Evening,TS-01,FW-SIM-0.2,2.93,3.51,89.8,Pass,None,No
WHRM-01178,2026-07-14,Line B,Day,TS-01,FW-SIM-0.2,1.85,4.61,100.0,Pass,None,No
WHRM-01179,2026-07-14,Line A,Day,TS-02,FW-SIM-0.2,3.67,4.48,83.4,Pass,None,No
WHRM-01180,2026-07-14,Line A,Day,TS-03,FW-SIM-0.2,0.36,4.01,90.2,Pass,None,No
WHRM-01181,2026-07-14,Line A,Evening,TS-03,FW-SIM-0.2,3.71,4.94,95.8,Pass,None,No
WHRM-01182,2026-07-14,Line C,Day,TS-02,FW-SIM-0.2,4.61,5.19,93.1,Fail,Slow response time,Yes
WHRM-01183,2026-07-14,Line B,Day,TS-02,FW-SIM-0.2,3.49,4.85,97.4,Pass,None,No
WHRM-01184,2026-07-14,Line B,Day,TS-02,FW-SIM-0.2,1.31,4.38,91.9,Pass,None,No
WHRM-01185,2026-07-14,Line A,Day,TS-03,FW-SIM-0.2,0.29,4.9,91.9,Pass,None,No
WHRM-01186,2026-07-14,Line C,Day,TS-03,FW-SIM-0.2,2.51,4.38,86.0,Pass,None,No
WHRM-01187,2026-07-14,Line B,Day,TS-02,FW-SIM-0.2,1.86,4.25,88.8,Pass,None,No
WHRM-01188,2026-07-14,Line C,Day,TS-03,FW-SIM-0.2,2.53,4.01,85.6,Pass,None,No
WHRM-01189,2026-07-14,Line B,Day,TS-01,FW-SIM-0.2,3.61,5.4,87.9,Fail,Slow response time,No
WHRM-01190,2026-07-14,Line B,Day,TS-03,FW-SIM-0.2,2.31,3.84,92.3,Pass,None,No
WHRM-01191,2026-07-14,Line B,Day,TS-02,FW-SIM-0.2,3.56,2.96,92.8,Pass,None,No
WHRM-01192,2026-07-14,Line C,Day,TS-01,FW-SIM-0.2,4.52,5.0,95.5,Fail,Slow response time,Yes
WHRM-01193,2026-07-14,Line A,Evening,TS-01,FW-SIM-0.2,0.1,4.81,100.0,Pass,None,No
WHRM-01194,2026-07-14,Line A,Day,TS-02,FW-SIM-0.2,4.45,5.0,100.0,Pass,None,No
WHRM-01195,2026-07-14,Line A,Day,TS-02,FW-SIM-0.2,1.49,4.44,89.0,Pass,None,No
WHRM-01196,2026-07-14,Line B,Day,TS-01,FW-SIM-0.2,2.23,4.31,92.1,Pass,None,No
WHRM-01197,2026-07-14,Line B,Evening,TS-02,FW-SIM-0.2,3.57,3.29,88.0,Pass,None,No
WHRM-01198,2026-07-14,Line C,Evening,TS-01,FW-SIM-0.2,3.56,5.01,89.1,Fail,Slow response time,Yes
WHRM-01199,2026-07-14,Line A,Evening,TS-02,FW-SIM-0.2,2.97,4.03,86.3,Pass,None,No
WHRM-01200,2026-07-14,Line B,Day,TS-03,FW-SIM-0.2,4.06,4.16,89.8,Pass,None,No
WHRM-01201,2026-07-14,Line A,Day,TS-02,FW-SIM-0.2,2.65,4.35,90.1,Pass,None,No
WHRM-01202,2026-07-14,Line C,Day,TS-02,FW-SIM-0.2,4.1,3.6,88.2,Pass,None,No
WHRM-01203,2026-07-14,Line C,Evening,TS-03,FW-SIM-0.2,1.05,4.71,83.5,Pass,None,No
WHRM-01204,2026-07-14,Line A,Evening,TS-01,FW-SIM-0.2,1.72,4.88,91.2,Fail,Assembly defect,Yes
WHRM-01205,2026-07-14,Line A,Day,TS-02,FW-SIM-0.2,2.39,3.98,94.5,Pass,None,No
WHRM-01206,2026-07-14,Line C,Day,TS-03,FW-SIM-0.2,2.74,2.81,94.2,Pass,None,No
WHRM-01207,2026-07-14,Line A,Evening,TS-03,FW-SIM-0.2,1.74,3.66,90.1,Pass,None,No
WHRM-01208,2026-07-14,Line C,Day,TS-02,FW-SIM-0.2,2.31,4.54,87.4,Pass,None,No
WHRM-01209,2026-07-14,Line B,Evening,TS-02,FW-SIM-0.2,0.65,3.67,86.9,Pass,None,No
WHRM-01210,2026-07-14,Line A,Day,TS-02,FW-SIM-0.2,0.29,5.13,82.7,Fail,Slow response time,Yes
WHRM-01211,2026-07-14,Line C,Evening,TS-01,FW-SIM-0.2,2.08,5.48,97.6,Fail,Slow response time,No
WHRM-01212,2026-07-14,Line B,Evening,TS-03,FW-SIM-0.2,1.62,4.29,91.9,Pass,None,No
WHRM-01213,2026-07-14,Line A,Evening,TS-01,FW-SIM-0.2,1.13,5.13,94.1,Fail,Slow response time,No
WHRM-01214,2026-07-14,Line A,Day,TS-02,FW-SIM-0.2,4.21,4.53,97.0,Pass,None,No
WHRM-01215,2026-07-14,Line A,Day,TS-03,FW-SIM-0.2,3.95,4.34,87.2,Pass,None,No
WHRM-01216,2026-07-14,Line B,Day,TS-01,FW-SIM-0.2,2.82,4.16,95.2,Pass,None,No
WHRM-01217,2026-07-14,Line A,Day,TS-03,FW-SIM-0.2,1.85,3.48,80.6,Fail,Low signal quality,Yes
WHRM-01218,2026-07-14,Line C,Day,TS-01,FW-SIM-0.2,1.48,4.28,96.1,Pass,None,No
WHRM-01219,2026-07-14,Line A,Evening,TS-01,FW-SIM-0.2,0.6,4.3,94.2,Pass,None,No
WHRM-01220,2026-07-14,Line A,Day,TS-01,FW-SIM-0.2,3.89,3.59,92.1,Pass,None,No
WHRM-01221,2026-07-14,Line A,Day,TS-01,FW-SIM-0.2,1.64,5.24,78.6,Fail,Slow response time,Yes
WHRM-01222,2026-07-14,Line C,Day,TS-01,FW-SIM-0.2,2.91,3.95,82.7,Pass,None,No
WHRM-01223,2026-07-14,Line A,Day,TS-03,FW-SIM-0.2,2.22,4.38,83.6,Pass,None,No
WHRM-01224,2026-07-14,Line B,Day,TS-01,FW-SIM-0.2,2.0,4.6,96.2,Pass,None,No
WHRM-01225,2026-07-14,Line C,Day,TS-02,FW-SIM-0.2,2.07,3.84,87.4,Pass,None,No
WHRM-01226,2026-07-14,Line A,Evening,TS-01,FW-SIM-0.2,5.75,5.96,91.2,Fail,High heart-rate error,No
WHRM-01227,2026-07-14,Line A,Day,TS-01,FW-SIM-0.2,3.06,5.13,88.4,Fail,Slow response time,Yes
WHRM-01228,2026-07-14,Line A,Day,TS-01,FW-SIM-0.2,2.17,4.1,85.7,Pass,None,No
WHRM-01229,2026-07-14,Line C,Day,TS-01,FW-SIM-0.2,4.53,4.58,81.5,Fail,Low signal quality,Yes
WHRM-01230,2026-07-14,Line A,Evening,TS-02,FW-SIM-0.2,2.94,5.4,98.8,Fail,Slow response time,Yes
WHRM-01231,2026-07-14,Line A,Day,TS-01,FW-SIM-0.2,5.03,3.52,90.8,Fail,High heart-rate error,Yes
WHRM-01232,2026-07-14,Line B,Day,TS-03,FW-SIM-0.2,2.24,5.03,94.7,Fail,Slow response time,Yes
WHRM-01233,2026-07-14,Line A,Evening,TS-02,FW-SIM-0.2,0.96,5.43,93.4,Fail,Slow response time,Yes
WHRM-01234,2026-07-14,Line A,Day,TS-02,FW-SIM-0.2,2.79,2.88,95.1,Pass,None,No
WHRM-01235,2026-07-14,Line A,Evening,TS-02,FW-SIM-0.2,4.12,4.0,100.0,Pass,None,No
WHRM-01236,2026-07-14,Line C,Day,TS-02,FW-SIM-0.2,1.24,5.2,88.3,Fail,Slow response time,Yes
WHRM-01237,2026-07-14,Line A,Day,TS-02,FW-SIM-0.2,1.74,3.36,94.1,Pass,None,No
WHRM-01238,2026-07-14,Line B,Evening,TS-03,FW-SIM-0.2,0.1,4.85,96.9,Pass,None,No
WHRM-01239,2026-07-14,Line B,Day,TS-01,FW-SIM-0.2,2.24,3.78,94.9,Pass,None,No
WHRM-01240,2026-07-14,Line A,Evening,TS-03,FW-SIM-0.2,0.68,4.07,84.3,Pass,None,No
WHRM-01241,2026-07-14,Line A,Day,TS-02,FW-SIM-0.2,1.21,4.07,88.0,Pass,None,No
WHRM-01242,2026-07-14,Line C,Evening,TS-01,FW-SIM-0.2,2.32,3.93,91.9,Pass,None,No
WHRM-01243,2026-07-14,Line A,Day,TS-01,FW-SIM-0.2,3.19,4.3,87.6,Pass,None,No
WHRM-01244,2026-07-14,Line C,Evening,TS-02,FW-SIM-0.2,2.91,3.42,88.6,Pass,None,No
WHRM-01245,2026-07-15,Line B,Day,TS-01,FW-SIM-0.3,3.79,3.62,84.3,Fail,Cosmetic defect,Yes
WHRM-01246,2026-07-15,Line B,Day,TS-01,FW-SIM-0.3,4.29,3.39,92.9,Pass,None,No
WHRM-01247,2026-07-15,Line A,Evening,TS-01,FW-SIM-0.3,3.53,3.89,79.6,Fail,Low signal quality,No
WHRM-01248,2026-07-15,Line A,Day,TS-02,FW-SIM-0.3,2.07,3.51,91.3,Pass,None,No
WHRM-01249,2026-07-15,Line B,Evening,TS-01,FW-SIM-0.3,2.97,3.8,90.0,Pass,None,No
WHRM-01250,2026-07-15,Line A,Day,TS-02,FW-SIM-0.3,0.1,3.53,98.9,Pass,None,No
WHRM-01251,2026-07-15,Line C,Evening,TS-02,FW-SIM-0.3,3.45,2.77,90.0,Pass,None,No
WHRM-01252,2026-07-15,Line B,Evening,TS-02,FW-SIM-0.3,3.18,4.26,84.6,Pass,None,No
WHRM-01253,2026-07-15,Line C,Evening,TS-02,FW-SIM-0.3,2.85,4.8,86.5,Pass,None,No
WHRM-01254,2026-07-15,Line A,Day,TS-02,FW-SIM-0.3,4.77,3.26,96.9,Pass,None,No
WHRM-01255,2026-07-15,Line A,Day,TS-02,FW-SIM-0.3,1.9,2.59,89.0,Pass,None,No
WHRM-01256,2026-07-15,Line A,Day,TS-01,FW-SIM-0.3,3.05,3.68,100.0,Pass,None,No
WHRM-01257,2026-07-15,Line A,Day,TS-01,FW-SIM-0.3,2.17,4.39,92.6,Pass,None,No
WHRM-01258,2026-07-15,Line B,Day,TS-01,FW-SIM-0.3,0.88,4.43,82.8,Pass,None,No
WHRM-01259,2026-07-15,Line A,Day,TS-02,FW-SIM-0.3,3.3,4.06,91.3,Pass,None,No
WHRM-01260,2026-07-15,Line A,Day,TS-03,FW-SIM-0.3,0.1,4.25,79.8,Fail,Low signal quality,Yes
WHRM-01261,2026-07-15,Line A,Evening,TS-03,FW-SIM-0.3,3.44,3.7,83.8,Pass,None,No
WHRM-01262,2026-07-15,Line A,Day,TS-01,FW-SIM-0.3,1.2,4.88,100.0,Pass,None,No
WHRM-01263,2026-07-15,Line B,Evening,TS-02,FW-SIM-0.3,4.21,4.39,91.5,Pass,None,No
WHRM-01264,2026-07-15,Line C,Evening,TS-01,FW-SIM-0.3,1.49,3.98,87.8,Pass,None,No
WHRM-01265,2026-07-15,Line A,Day,TS-02,FW-SIM-0.3,3.86,3.39,93.9,Pass,None,No
WHRM-01266,2026-07-15,Line A,Day,TS-01,FW-SIM-0.3,0.52,4.45,86.9,Pass,None,No
WHRM-01267,2026-07-15,Line A,Evening,TS-02,FW-SIM-0.3,2.13,3.0,83.1,Pass,None,No
WHRM-01268,2026-07-15,Line B,Day,TS-02,FW-SIM-0.3,0.73,4.15,88.3,Pass,None,No
WHRM-01269,2026-07-15,Line B,Evening,TS-01,FW-SIM-0.3,2.23,4.6,92.4,Pass,None,No
WHRM-01270,2026-07-15,Line C,Day,TS-02,FW-SIM-0.3,2.76,2.52,92.8,Pass,None,No
WHRM-01271,2026-07-15,Line A,Day,TS-03,FW-SIM-0.3,1.07,4.47,92.6,Pass,None,No
WHRM-01272,2026-07-15,Line A,Day,TS-01,FW-SIM-0.3,4.33,3.82,94.4,Pass,None,No
WHRM-01273,2026-07-15,Line C,Day,TS-01,FW-SIM-0.3,1.92,3.82,77.2,Fail,Low signal quality,Yes
WHRM-01274,2026-07-15,Line A,Day,TS-02,FW-SIM-0.3,2.28,3.8,97.3,Pass,None,No
WHRM-01275,2026-07-15,Line C,Evening,TS-02,FW-SIM-0.3,1.06,4.09,87.4,Pass,None,No
WHRM-01276,2026-07-15,Line A,Evening,TS-01,FW-SIM-0.3,1.78,4.45,89.8,Pass,None,No
WHRM-01277,2026-07-15,Line C,Evening,TS-03,FW-SIM-0.3,3.89,2.68,81.5,Fail,Low signal quality,Yes
WHRM-01278,2026-07-15,Line B,Day,TS-03,FW-SIM-0.3,2.5,3.88,85.7,Pass,None,No
WHRM-01279,2026-07-15,Line B,Evening,TS-02,FW-SIM-0.3,2.38,3.16,88.1,Pass,None,No
WHRM-01280,2026-07-15,Line B,Day,TS-01,FW-SIM-0.3,4.85,3.14,91.7,Pass,None,No
WHRM-01281,2026-07-15,Line B,Day,TS-01,FW-SIM-0.3,2.51,3.81,91.7,Pass,None,No
WHRM-01282,2026-07-15,Line B,Evening,TS-03,FW-SIM-0.3,2.28,3.48,89.3,Pass,None,No
WHRM-01283,2026-07-15,Line B,Day,TS-02,FW-SIM-0.3,2.83,4.2,87.7,Pass,None,No
WHRM-01284,2026-07-15,Line C,Evening,TS-03,FW-SIM-0.3,2.15,4.19,89.2,Pass,None,No
WHRM-01285,2026-07-15,Line B,Evening,TS-02,FW-SIM-0.3,3.67,4.45,91.0,Fail,Cosmetic defect,Yes
WHRM-01286,2026-07-15,Line A,Day,TS-03,FW-SIM-0.3,1.94,3.63,89.7,Pass,None,No
WHRM-01287,2026-07-15,Line B,Day,TS-01,FW-SIM-0.3,1.26,3.39,95.4,Pass,None,No
WHRM-01288,2026-07-15,Line C,Day,TS-02,FW-SIM-0.3,5.26,3.21,90.5,Fail,High heart-rate error,Yes
WHRM-01289,2026-07-15,Line C,Day,TS-02,FW-SIM-0.3,2.1,3.97,80.5,Fail,Low signal quality,Yes
WHRM-01290,2026-07-15,Line B,Evening,TS-02,FW-SIM-0.3,3.16,3.85,84.5,Pass,None,No
WHRM-01291,2026-07-15,Line A,Day,TS-03,FW-SIM-0.3,0.56,3.18,91.2,Fail,Cosmetic defect,Yes
WHRM-01292,2026-07-15,Line B,Evening,TS-02,FW-SIM-0.3,2.73,3.59,100.0,Pass,None,No
WHRM-01293,2026-07-15,Line C,Evening,TS-02,FW-SIM-0.3,3.57,3.23,79.6,Fail,Low signal quality,No
WHRM-01294,2026-07-15,Line C,Day,TS-03,FW-SIM-0.3,3.2,3.85,88.3,Pass,None,No
WHRM-01295,2026-07-15,Line A,Day,TS-01,FW-SIM-0.3,1.54,4.15,93.9,Pass,None,No
WHRM-01296,2026-07-15,Line A,Day,TS-02,FW-SIM-0.3,1.36,3.8,95.1,Pass,None,No
WHRM-01297,2026-07-15,Line C,Day,TS-03,FW-SIM-0.3,3.97,3.74,97.2,Pass,None,No
WHRM-01298,2026-07-15,Line C,Day,TS-01,FW-SIM-0.3,2.42,3.9,81.2,Fail,Low signal quality,Yes
WHRM-01299,2026-07-15,Line B,Evening,TS-02,FW-SIM-0.3,2.26,3.71,77.8,Fail,Low signal quality,Yes
WHRM-01300,2026-07-15,Line C,Day,TS-01,FW-SIM-0.3,2.45,4.07,88.4,Pass,None,No
WHRM-01301,2026-07-15,Line A,Evening,TS-02,FW-SIM-0.3,3.42,5.64,91.1,Fail,Slow response time,Yes
WHRM-01302,2026-07-15,Line B,Day,TS-01,FW-SIM-0.3,2.17,4.87,90.1,Pass,None,No
WHRM-01303,2026-07-15,Line B,Evening,TS-02,FW-SIM-0.3,1.79,3.54,85.4,Pass,None,No
WHRM-01304,2026-07-15,Line C,Day,TS-02,FW-SIM-0.3,0.9,2.47,89.4,Pass,None,No
WHRM-01305,2026-07-15,Line C,Evening,TS-01,FW-SIM-0.3,2.66,3.29,84.5,Pass,None,No
WHRM-01306,2026-07-15,Line A,Day,TS-01,FW-SIM-0.3,1.63,2.22,98.0,Pass,None,No
WHRM-01307,2026-07-15,Line A,Evening,TS-01,FW-SIM-0.3,2.59,3.42,95.9,Pass,None,No
WHRM-01308,2026-07-15,Line B,Day,TS-02,FW-SIM-0.3,1.41,3.97,93.1,Pass,None,No
WHRM-01309,2026-07-15,Line A,Evening,TS-02,FW-SIM-0.3,1.57,3.97,96.5,Pass,None,No
WHRM-01310,2026-07-15,Line B,Evening,TS-03,FW-SIM-0.3,2.33,4.42,98.1,Pass,None,No
WHRM-01311,2026-07-15,Line C,Day,TS-03,FW-SIM-0.3,3.27,4.85,92.5,Pass,None,No
WHRM-01312,2026-07-15,Line C,Evening,TS-01,FW-SIM-0.3,1.93,4.58,95.4,Pass,None,No
WHRM-01313,2026-07-15,Line B,Evening,TS-02,FW-SIM-0.3,2.51,4.28,91.2,Pass,None,No
WHRM-01314,2026-07-15,Line C,Evening,TS-02,FW-SIM-0.3,0.78,3.77,89.7,Pass,None,No
WHRM-01315,2026-07-15,Line C,Day,TS-02,FW-SIM-0.3,1.24,3.93,81.1,Fail,Low signal quality,Yes
WHRM-01316,2026-07-15,Line C,Day,TS-01,FW-SIM-0.3,4.14,3.7,93.1,Fail,Cosmetic defect,No
WHRM-01317,2026-07-15,Line B,Day,TS-03,FW-SIM-0.3,1.14,3.25,93.6,Pass,None,No
WHRM-01318,2026-07-15,Line A,Day,TS-01,FW-SIM-0.3,1.35,2.75,86.0,Pass,None,No
WHRM-01319,2026-07-15,Line B,Day,TS-01,FW-SIM-0.3,1.91,4.98,84.9,Pass,None,No
WHRM-01320,2026-07-15,Line A,Day,TS-02,FW-SIM-0.3,3.76,5.16,91.5,Fail,Slow response time,No
WHRM-01321,2026-07-15,Line C,Day,TS-02,FW-SIM-0.3,1.11,3.75,86.7,Pass,None,No
WHRM-01322,2026-07-15,Line A,Evening,TS-03,FW-SIM-0.3,5.02,5.07,90.2,Fail,High heart-rate error,Yes
WHRM-01323,2026-07-15,Line A,Evening,TS-03,FW-SIM-0.3,2.73,3.08,85.7,Pass,None,No
WHRM-01324,2026-07-15,Line B,Evening,TS-01,FW-SIM-0.3,4.28,4.26,95.3,Pass,None,No
WHRM-01325,2026-07-15,Line A,Evening,TS-01,FW-SIM-0.3,1.73,3.52,97.4,Pass,None,No
WHRM-01326,2026-07-15,Line C,Day,TS-01,FW-SIM-0.3,4.5,3.15,99.3,Pass,None,No
WHRM-01327,2026-07-15,Line A,Day,TS-02,FW-SIM-0.3,1.42,4.12,83.4,Pass,None,No
WHRM-01328,2026-07-15,Line A,Evening,TS-03,FW-SIM-0.3,2.68,4.1,95.4,Pass,None,No
WHRM-01329,2026-07-15,Line A,Day,TS-02,FW-SIM-0.3,1.72,5.31,95.2,Fail,Slow response time,Yes
WHRM-01330,2026-07-15,Line A,Day,TS-02,FW-SIM-0.3,1.17,4.31,90.8,Pass,None,No
WHRM-01331,2026-07-15,Line A,Evening,TS-03,FW-SIM-0.3,2.4,3.26,86.4,Pass,None,No
WHRM-01332,2026-07-15,Line A,Day,TS-02,FW-SIM-0.3,2.5,3.93,92.2,Pass,None,No
WHRM-01333,2026-07-15,Line A,Evening,TS-02,FW-SIM-0.3,1.7,4.33,90.4,Pass,None,No
WHRM-01334,2026-07-16,Line C,Evening,TS-03,FW-SIM-0.3,3.65,4.02,88.0,Pass,None,No
WHRM-01335,2026-07-16,Line A,Day,TS-03,FW-SIM-0.3,3.86,3.15,83.5,Pass,None,No
WHRM-01336,2026-07-16,Line A,Evening,TS-03,FW-SIM-0.3,2.88,3.72,99.2,Pass,None,No
WHRM-01337,2026-07-16,Line A,Day,TS-01,FW-SIM-0.3,1.18,4.21,85.9,Pass,None,No
WHRM-01338,2026-07-16,Line C,Day,TS-02,FW-SIM-0.3,1.93,4.2,95.4,Pass,None,No
WHRM-01339,2026-07-16,Line C,Day,TS-02,FW-SIM-0.3,0.59,4.08,96.2,Pass,None,No
WHRM-01340,2026-07-16,Line B,Evening,TS-01,FW-SIM-0.3,1.18,4.03,90.4,Fail,Cosmetic defect,No
WHRM-01341,2026-07-16,Line A,Day,TS-03,FW-SIM-0.3,4.61,3.44,84.8,Pass,None,No
WHRM-01342,2026-07-16,Line A,Day,TS-03,FW-SIM-0.3,2.24,3.7,89.2,Pass,None,No
WHRM-01343,2026-07-16,Line B,Evening,TS-01,FW-SIM-0.3,1.49,4.11,95.4,Pass,None,No
WHRM-01344,2026-07-16,Line A,Day,TS-01,FW-SIM-0.3,1.71,4.55,86.9,Pass,None,No
WHRM-01345,2026-07-16,Line A,Evening,TS-02,FW-SIM-0.3,0.65,3.64,88.0,Pass,None,No
WHRM-01346,2026-07-16,Line B,Day,TS-02,FW-SIM-0.3,2.02,3.27,88.2,Pass,None,No
WHRM-01347,2026-07-16,Line B,Evening,TS-02,FW-SIM-0.3,4.24,3.53,83.4,Pass,None,No
WHRM-01348,2026-07-16,Line A,Day,TS-01,FW-SIM-0.3,2.03,3.43,94.6,Pass,None,No
WHRM-01349,2026-07-16,Line C,Day,TS-03,FW-SIM-0.3,3.0,4.06,89.8,Pass,None,No
WHRM-01350,2026-07-16,Line A,Day,TS-01,FW-SIM-0.3,1.23,3.85,92.7,Pass,None,No
WHRM-01351,2026-07-16,Line C,Day,TS-03,FW-SIM-0.3,3.01,2.89,95.1,Pass,None,No
WHRM-01352,2026-07-16,Line B,Day,TS-02,FW-SIM-0.3,3.67,3.42,96.9,Pass,None,No
WHRM-01353,2026-07-16,Line B,Day,TS-03,FW-SIM-0.3,4.29,3.66,83.3,Pass,None,No
WHRM-01354,2026-07-16,Line B,Day,TS-03,FW-SIM-0.3,3.44,4.67,86.7,Pass,None,No
WHRM-01355,2026-07-16,Line A,Day,TS-02,FW-SIM-0.3,2.39,4.51,90.1,Pass,None,No
WHRM-01356,2026-07-16,Line B,Evening,TS-02,FW-SIM-0.3,3.41,3.7,93.0,Pass,None,No
WHRM-01357,2026-07-16,Line B,Evening,TS-02,FW-SIM-0.3,3.03,4.24,96.0,Pass,None,No
WHRM-01358,2026-07-16,Line C,Day,TS-01,FW-SIM-0.3,4.22,4.45,85.7,Pass,None,No
WHRM-01359,2026-07-16,Line A,Evening,TS-03,FW-SIM-0.3,2.42,3.27,90.5,Pass,None,No
WHRM-01360,2026-07-16,Line A,Day,TS-03,FW-SIM-0.3,1.88,3.81,85.5,Pass,None,No
WHRM-01361,2026-07-16,Line B,Day,TS-03,FW-SIM-0.3,1.11,4.07,85.5,Pass,None,No
WHRM-01362,2026-07-16,Line C,Day,TS-03,FW-SIM-0.3,2.66,4.84,86.6,Pass,None,No
WHRM-01363,2026-07-16,Line A,Evening,TS-01,FW-SIM-0.3,1.66,4.27,83.9,Pass,None,No
WHRM-01364,2026-07-16,Line B,Evening,TS-01,FW-SIM-0.3,4.5,4.88,91.0,Pass,None,No
WHRM-01365,2026-07-16,Line C,Evening,TS-02,FW-SIM-0.3,3.32,4.27,89.6,Pass,None,No
WHRM-01366,2026-07-16,Line A,Evening,TS-01,FW-SIM-0.3,1.78,3.56,87.4,Pass,None,No
WHRM-01367,2026-07-16,Line B,Evening,TS-01,FW-SIM-0.3,4.84,3.39,86.7,Pass,None,No
WHRM-01368,2026-07-16,Line A,Day,TS-03,FW-SIM-0.3,0.1,2.87,81.9,Fail,Low signal quality,Yes
WHRM-01369,2026-07-16,Line A,Evening,TS-02,FW-SIM-0.3,3.21,4.22,88.0,Pass,None,No
WHRM-01370,2026-07-16,Line B,Evening,TS-01,FW-SIM-0.3,2.66,3.51,91.0,Pass,None,No
WHRM-01371,2026-07-16,Line C,Evening,TS-01,FW-SIM-0.3,2.3,4.53,85.9,Pass,None,No
WHRM-01372,2026-07-16,Line A,Evening,TS-01,FW-SIM-0.3,3.95,4.34,94.0,Pass,None,No
WHRM-01373,2026-07-16,Line B,Day,TS-01,FW-SIM-0.3,1.72,5.53,86.3,Fail,Slow response time,Yes
WHRM-01374,2026-07-16,Line A,Day,TS-01,FW-SIM-0.3,1.1,3.87,100.0,Fail,Assembly defect,No
WHRM-01375,2026-07-16,Line A,Day,TS-01,FW-SIM-0.3,1.61,3.74,85.5,Pass,None,No
WHRM-01376,2026-07-16,Line C,Day,TS-01,FW-SIM-0.3,1.16,3.69,95.5,Pass,None,No
WHRM-01377,2026-07-16,Line C,Evening,TS-01,FW-SIM-0.3,1.63,4.04,90.6,Pass,None,No
WHRM-01378,2026-07-16,Line C,Day,TS-02,FW-SIM-0.3,2.22,3.82,90.4,Pass,None,No
WHRM-01379,2026-07-16,Line B,Evening,TS-02,FW-SIM-0.3,1.91,3.15,96.6,Pass,None,No
WHRM-01380,2026-07-16,Line C,Day,TS-02,FW-SIM-0.3,3.58,4.47,84.3,Pass,None,No
WHRM-01381,2026-07-16,Line B,Evening,TS-01,FW-SIM-0.3,1.47,3.41,92.7,Pass,None,No
WHRM-01382,2026-07-16,Line C,Day,TS-01,FW-SIM-0.3,1.58,3.14,88.3,Pass,None,No
WHRM-01383,2026-07-16,Line C,Day,TS-03,FW-SIM-0.3,0.1,3.98,95.4,Pass,None,No
WHRM-01384,2026-07-16,Line C,Day,TS-02,FW-SIM-0.3,1.51,3.6,87.7,Pass,None,No
WHRM-01385,2026-07-16,Line B,Day,TS-01,FW-SIM-0.3,3.34,3.68,100.0,Pass,None,No
WHRM-01386,2026-07-16,Line C,Evening,TS-01,FW-SIM-0.3,1.69,3.73,88.8,Pass,None,No
WHRM-01387,2026-07-16,Line B,Evening,TS-01,FW-SIM-0.3,2.36,3.82,97.3,Pass,None,No
WHRM-01388,2026-07-16,Line B,Day,TS-02,FW-SIM-0.3,2.7,2.87,88.7,Pass,None,No
WHRM-01389,2026-07-16,Line B,Day,TS-03,FW-SIM-0.3,2.2,4.48,89.7,Pass,None,No
WHRM-01390,2026-07-16,Line A,Day,TS-01,FW-SIM-0.3,0.31,3.76,87.2,Pass,None,No
WHRM-01391,2026-07-16,Line B,Day,TS-03,FW-SIM-0.3,4.59,2.79,86.8,Pass,None,No
WHRM-01392,2026-07-16,Line A,Evening,TS-02,FW-SIM-0.3,5.2,3.89,87.8,Fail,High heart-rate error,Yes
WHRM-01393,2026-07-16,Line A,Evening,TS-02,FW-SIM-0.3,2.89,3.3,96.1,Pass,None,No
WHRM-01394,2026-07-16,Line B,Day,TS-01,FW-SIM-0.3,3.19,5.02,100.0,Fail,Slow response time,Yes
WHRM-01395,2026-07-16,Line A,Day,TS-02,FW-SIM-0.3,3.2,3.04,91.5,Pass,None,No
WHRM-01396,2026-07-16,Line B,Evening,TS-02,FW-SIM-0.3,2.33,4.55,80.9,Fail,Low signal quality,No
WHRM-01397,2026-07-16,Line C,Day,TS-01,FW-SIM-0.3,1.14,3.69,89.2,Fail,Assembly defect,Yes
WHRM-01398,2026-07-16,Line A,Day,TS-01,FW-SIM-0.3,0.1,2.79,98.2,Pass,None,No
WHRM-01399,2026-07-16,Line B,Day,TS-01,FW-SIM-0.3,3.89,1.67,100.0,Pass,None,No
WHRM-01400,2026-07-16,Line A,Day,TS-03,FW-SIM-0.3,2.43,3.79,87.0,Pass,None,No
WHRM-01401,2026-07-16,Line C,Day,TS-01,FW-SIM-0.3,3.55,3.49,94.9,Pass,None,No
WHRM-01402,2026-07-16,Line C,Day,TS-01,FW-SIM-0.3,0.94,3.35,98.7,Pass,None,No
WHRM-01403,2026-07-16,Line A,Day,TS-01,FW-SIM-0.3,4.05,3.06,90.0,Pass,None,No
WHRM-01404,2026-07-16,Line A,Day,TS-02,FW-SIM-0.3,3.58,4.57,95.7,Pass,None,No
WHRM-01405,2026-07-16,Line C,Day,TS-03,FW-SIM-0.3,3.26,2.91,90.3,Pass,None,No
WHRM-01406,2026-07-16,Line A,Evening,TS-01,FW-SIM-0.3,1.63,2.86,100.0,Pass,None,No
WHRM-01407,2026-07-16,Line A,Evening,TS-01,FW-SIM-0.3,1.04,4.18,94.6,Pass,None,No
WHRM-01408,2026-07-16,Line B,Evening,TS-03,FW-SIM-0.3,2.93,3.79,85.4,Pass,None,No
WHRM-01409,2026-07-16,Line A,Evening,TS-03,FW-SIM-0.3,5.64,4.21,86.8,Fail,High heart-rate error,Yes
WHRM-01410,2026-07-16,Line A,Day,TS-01,FW-SIM-0.3,2.47,3.78,92.3,Pass,None,No
WHRM-01411,2026-07-16,Line C,Evening,TS-03,FW-SIM-0.3,2.9,3.43,98.2,Pass,None,No
WHRM-01412,2026-07-16,Line B,Evening,TS-03,FW-SIM-0.3,3.15,4.54,84.5,Pass,None,No
WHRM-01413,2026-07-16,Line B,Day,TS-01,FW-SIM-0.3,2.08,3.78,87.6,Pass,None,No
WHRM-01414,2026-07-16,Line A,Day,TS-03,FW-SIM-0.3,0.81,3.48,88.3,Pass,None,No
WHRM-01415,2026-07-16,Line B,Evening,TS-01,FW-SIM-0.3,5.74,4.93,89.8,Fail,High heart-rate error,No
WHRM-01416,2026-07-16,Line C,Day,TS-01,FW-SIM-0.3,2.7,3.73,84.5,Pass,None,No
WHRM-01417,2026-07-16,Line B,Evening,TS-03,FW-SIM-0.3,1.72,3.96,79.8,Fail,Low signal quality,Yes
WHRM-01418,2026-07-16,Line C,Evening,TS-01,FW-SIM-0.3,4.21,3.29,99.0,Pass,None,No
WHRM-01419,2026-07-16,Line C,Day,TS-01,FW-SIM-0.3,2.55,3.73,95.4,Pass,None,No
WHRM-01420,2026-07-16,Line A,Day,TS-02,FW-SIM-0.3,3.41,3.56,84.9,Pass,None,No
WHRM-01421,2026-07-16,Line A,Day,TS-02,FW-SIM-0.3,3.04,4.85,85.8,Pass,None,No
WHRM-01422,2026-07-16,Line C,Evening,TS-03,FW-SIM-0.3,5.39,4.23,88.6,Fail,High heart-rate error,Yes
WHRM-01423,2026-07-17,Line B,Day,TS-03,FW-SIM-0.3,3.99,4.17,86.3,Pass,None,No
WHRM-01424,2026-07-17,Line A,Evening,TS-01,FW-SIM-0.3,3.03,3.54,90.7,Pass,None,No
WHRM-01425,2026-07-17,Line B,Day,TS-03,FW-SIM-0.3,4.26,4.05,91.6,Pass,None,No
WHRM-01426,2026-07-17,Line C,Day,TS-03,FW-SIM-0.3,1.02,3.81,81.2,Fail,Low signal quality,Yes
WHRM-01427,2026-07-17,Line C,Day,TS-03,FW-SIM-0.3,1.99,3.98,82.7,Pass,None,No
WHRM-01428,2026-07-17,Line A,Evening,TS-02,FW-SIM-0.3,1.2,4.46,100.0,Pass,None,No
WHRM-01429,2026-07-17,Line A,Evening,TS-02,FW-SIM-0.3,1.24,5.1,91.1,Fail,Slow response time,No
WHRM-01430,2026-07-17,Line B,Day,TS-01,FW-SIM-0.3,2.72,3.49,88.9,Pass,None,No
WHRM-01431,2026-07-17,Line A,Evening,TS-02,FW-SIM-0.3,1.62,3.68,91.2,Pass,None,No
WHRM-01432,2026-07-17,Line C,Evening,TS-01,FW-SIM-0.3,3.51,4.39,90.9,Pass,None,No
WHRM-01433,2026-07-17,Line C,Evening,TS-03,FW-SIM-0.3,0.78,3.83,86.9,Pass,None,No
WHRM-01434,2026-07-17,Line A,Evening,TS-03,FW-SIM-0.3,3.04,3.77,81.4,Fail,Low signal quality,No
WHRM-01435,2026-07-17,Line C,Day,TS-03,FW-SIM-0.3,2.59,4.08,86.4,Pass,None,No
WHRM-01436,2026-07-17,Line B,Day,TS-03,FW-SIM-0.3,3.35,3.96,86.9,Pass,None,No
WHRM-01437,2026-07-17,Line A,Day,TS-01,FW-SIM-0.3,2.32,3.14,90.2,Pass,None,No
WHRM-01438,2026-07-17,Line A,Evening,TS-02,FW-SIM-0.3,4.28,3.63,91.3,Fail,Assembly defect,No
WHRM-01439,2026-07-17,Line B,Evening,TS-02,FW-SIM-0.3,1.93,4.0,94.0,Pass,None,No
WHRM-01440,2026-07-17,Line A,Evening,TS-03,FW-SIM-0.3,2.99,4.66,86.1,Pass,None,No
WHRM-01441,2026-07-17,Line B,Day,TS-02,FW-SIM-0.3,0.1,4.2,86.0,Pass,None,No
WHRM-01442,2026-07-17,Line A,Evening,TS-03,FW-SIM-0.3,1.28,3.43,91.2,Pass,None,No
WHRM-01443,2026-07-17,Line B,Evening,TS-01,FW-SIM-0.3,4.24,2.86,89.0,Pass,None,No
WHRM-01444,2026-07-17,Line B,Evening,TS-02,FW-SIM-0.3,0.1,3.2,89.3,Pass,None,No
WHRM-01445,2026-07-17,Line C,Day,TS-01,FW-SIM-0.3,1.96,3.75,97.1,Pass,None,No
WHRM-01446,2026-07-17,Line B,Evening,TS-01,FW-SIM-0.3,2.63,4.14,81.1,Fail,Low signal quality,No
WHRM-01447,2026-07-17,Line B,Day,TS-03,FW-SIM-0.3,3.51,4.18,89.0,Pass,None,No
WHRM-01448,2026-07-17,Line A,Day,TS-01,FW-SIM-0.3,1.24,4.24,86.3,Fail,Assembly defect,No
WHRM-01449,2026-07-17,Line A,Evening,TS-02,FW-SIM-0.3,3.04,4.3,92.0,Pass,None,No
WHRM-01450,2026-07-17,Line A,Day,TS-01,FW-SIM-0.3,2.82,4.66,89.4,Pass,None,No
WHRM-01451,2026-07-17,Line C,Evening,TS-01,FW-SIM-0.3,2.15,3.72,99.0,Pass,None,No
WHRM-01452,2026-07-17,Line A,Day,TS-01,FW-SIM-0.3,3.44,3.68,100.0,Pass,None,No
WHRM-01453,2026-07-17,Line B,Evening,TS-01,FW-SIM-0.3,3.53,3.86,94.5,Pass,None,No
WHRM-01454,2026-07-17,Line C,Day,TS-02,FW-SIM-0.3,0.1,4.29,96.2,Pass,None,No
WHRM-01455,2026-07-17,Line A,Evening,TS-02,FW-SIM-0.3,4.61,4.73,89.8,Pass,None,No
WHRM-01456,2026-07-17,Line A,Day,TS-01,FW-SIM-0.3,0.82,4.38,88.0,Pass,None,No
WHRM-01457,2026-07-17,Line B,Evening,TS-03,FW-SIM-0.3,3.3,4.15,85.6,Pass,None,No
WHRM-01458,2026-07-17,Line B,Day,TS-02,FW-SIM-0.3,1.06,3.68,90.2,Pass,None,No
WHRM-01459,2026-07-17,Line A,Day,TS-01,FW-SIM-0.3,2.69,3.85,83.4,Pass,None,No
WHRM-01460,2026-07-17,Line A,Evening,TS-02,FW-SIM-0.3,1.93,3.57,92.6,Pass,None,No
WHRM-01461,2026-07-17,Line C,Day,TS-02,FW-SIM-0.3,0.1,3.66,97.1,Pass,None,No
WHRM-01462,2026-07-17,Line A,Day,TS-02,FW-SIM-0.3,2.96,3.79,94.9,Pass,None,No
WHRM-01463,2026-07-17,Line C,Day,TS-03,FW-SIM-0.3,1.29,3.92,85.6,Pass,None,No
WHRM-01464,2026-07-17,Line B,Evening,TS-03,FW-SIM-0.3,2.22,2.06,87.6,Pass,None,No
WHRM-01465,2026-07-17,Line A,Day,TS-01,FW-SIM-0.3,4.45,3.68,87.2,Pass,None,No
WHRM-01466,2026-07-17,Line A,Day,TS-02,FW-SIM-0.3,1.76,2.62,88.4,Pass,None,No
WHRM-01467,2026-07-17,Line C,Day,TS-02,FW-SIM-0.3,0.1,4.37,88.0,Pass,None,No
WHRM-01468,2026-07-17,Line C,Day,TS-01,FW-SIM-0.3,3.18,2.98,96.3,Pass,None,No
WHRM-01469,2026-07-17,Line B,Evening,TS-03,FW-SIM-0.3,3.9,3.21,81.4,Fail,Low signal quality,No
WHRM-01470,2026-07-17,Line A,Day,TS-01,FW-SIM-0.3,2.13,3.88,91.7,Pass,None,No
WHRM-01471,2026-07-17,Line C,Evening,TS-02,FW-SIM-0.3,3.2,4.55,96.5,Pass,None,No
WHRM-01472,2026-07-17,Line B,Day,TS-03,FW-SIM-0.3,3.0,4.03,85.4,Pass,None,No
WHRM-01473,2026-07-17,Line A,Evening,TS-03,FW-SIM-0.3,1.39,4.26,90.9,Pass,None,No
WHRM-01474,2026-07-17,Line B,Day,TS-01,FW-SIM-0.3,2.82,3.4,90.7,Pass,None,No
WHRM-01475,2026-07-17,Line A,Day,TS-03,FW-SIM-0.3,1.57,3.76,89.9,Pass,None,No
WHRM-01476,2026-07-17,Line A,Evening,TS-01,FW-SIM-0.3,0.67,3.29,89.1,Pass,None,No
WHRM-01477,2026-07-17,Line C,Evening,TS-03,FW-SIM-0.3,4.1,4.13,90.5,Pass,None,No
WHRM-01478,2026-07-17,Line B,Day,TS-03,FW-SIM-0.3,3.55,4.52,87.3,Pass,None,No
WHRM-01479,2026-07-17,Line B,Evening,TS-01,FW-SIM-0.3,3.07,4.94,99.4,Pass,None,No
WHRM-01480,2026-07-17,Line A,Day,TS-01,FW-SIM-0.3,1.56,4.56,94.1,Pass,None,No
WHRM-01481,2026-07-17,Line A,Day,TS-03,FW-SIM-0.3,0.1,3.97,82.1,Pass,None,No
WHRM-01482,2026-07-17,Line A,Evening,TS-01,FW-SIM-0.3,3.86,3.47,91.6,Pass,None,No
WHRM-01483,2026-07-17,Line C,Day,TS-01,FW-SIM-0.3,2.09,3.03,100.0,Pass,None,No
WHRM-01484,2026-07-17,Line A,Day,TS-01,FW-SIM-0.3,1.87,3.61,91.0,Pass,None,No
WHRM-01485,2026-07-17,Line A,Evening,TS-01,FW-SIM-0.3,2.03,3.65,87.5,Pass,None,No
WHRM-01486,2026-07-17,Line A,Day,TS-01,FW-SIM-0.3,4.27,4.39,95.2,Pass,None,No
WHRM-01487,2026-07-17,Line A,Day,TS-02,FW-SIM-0.3,4.29,3.89,79.3,Fail,Low signal quality,Yes
WHRM-01488,2026-07-17,Line C,Day,TS-03,FW-SIM-0.3,2.03,3.47,96.0,Pass,None,No
WHRM-01489,2026-07-17,Line A,Evening,TS-01,FW-SIM-0.3,3.34,3.08,97.1,Pass,None,No
WHRM-01490,2026-07-17,Line B,Day,TS-02,FW-SIM-0.3,2.7,3.15,94.8,Pass,None,No
WHRM-01491,2026-07-17,Line B,Evening,TS-01,FW-SIM-0.3,2.72,3.5,88.9,Pass,None,No
WHRM-01492,2026-07-17,Line C,Day,TS-02,FW-SIM-0.3,2.11,4.6,88.0,Pass,None,No
WHRM-01493,2026-07-17,Line C,Day,TS-01,FW-SIM-0.3,1.6,3.65,92.8,Pass,None,No
WHRM-01494,2026-07-17,Line A,Day,TS-03,FW-SIM-0.3,0.82,3.49,90.5,Pass,None,No
WHRM-01495,2026-07-17,Line B,Day,TS-02,FW-SIM-0.3,3.68,3.96,86.2,Pass,None,No
WHRM-01496,2026-07-17,Line B,Day,TS-03,FW-SIM-0.3,4.75,3.3,88.6,Pass,None,No
WHRM-01497,2026-07-17,Line C,Day,TS-03,FW-SIM-0.3,1.36,4.19,88.1,Pass,None,No
WHRM-01498,2026-07-17,Line B,Day,TS-01,FW-SIM-0.3,2.77,4.94,94.5,Pass,None,No
WHRM-01499,2026-07-17,Line B,Day,TS-01,FW-SIM-0.3,4.73,3.87,96.0,Pass,None,No
WHRM-01500,2026-07-17,Line A,Evening,TS-03,FW-SIM-0.3,2.41,3.25,82.9,Pass,None,No
WHRM-01501,2026-07-17,Line B,Evening,TS-03,FW-SIM-0.3,1.17,3.43,80.6,Fail,Low signal quality,No
WHRM-01502,2026-07-17,Line C,Evening,TS-02,FW-SIM-0.3,2.22,4.11,87.4,Pass,None,No
WHRM-01503,2026-07-17,Line A,Evening,TS-01,FW-SIM-0.3,3.43,4.08,98.4,Pass,None,No
WHRM-01504,2026-07-17,Line A,Evening,TS-02,FW-SIM-0.3,1.0,4.37,94.9,Pass,None,No
WHRM-01505,2026-07-17,Line C,Day,TS-02,FW-SIM-0.3,3.2,4.22,93.1,Pass,None,No
WHRM-01506,2026-07-17,Line B,Day,TS-01,FW-SIM-0.3,3.21,4.83,89.1,Pass,None,No
WHRM-01507,2026-07-17,Line B,Day,TS-02,FW-SIM-0.3,3.33,3.22,98.6,Pass,None,No
WHRM-01508,2026-07-17,Line A,Evening,TS-02,FW-SIM-0.3,3.47,3.59,88.5,Pass,None,No
WHRM-01509,2026-07-17,Line B,Day,TS-02,FW-SIM-0.3,3.54,5.27,92.3,Fail,Slow response time,Yes
WHRM-01510,2026-07-17,Line C,Evening,TS-01,FW-SIM-0.3,1.54,4.28,92.7,Pass,None,No
WHRM-01511,2026-07-17,Line B,Evening,TS-02,FW-SIM-0.3,0.43,4.37,89.1,Pass,None,No
WHRM-01512,2026-07-18,Line B,Day,TS-03,FW-SIM-0.3,1.63,3.58,92.4,Pass,None,No
WHRM-01513,2026-07-18,Line B,Evening,TS-01,FW-SIM-0.3,5.51,4.41,94.8,Fail,High heart-rate error,Yes
WHRM-01514,2026-07-18,Line C,Day,TS-01,FW-SIM-0.3,1.15,3.63,97.0,Pass,None,No
WHRM-01515,2026-07-18,Line A,Evening,TS-01,FW-SIM-0.3,1.32,3.45,97.5,Pass,None,No
WHRM-01516,2026-07-18,Line B,Evening,TS-01,FW-SIM-0.3,4.32,4.06,100.0,Pass,None,No
WHRM-01517,2026-07-18,Line C,Evening,TS-01,FW-SIM-0.3,4.11,2.74,93.2,Pass,None,No
WHRM-01518,2026-07-18,Line A,Day,TS-01,FW-SIM-0.3,2.67,3.07,94.2,Pass,None,No
WHRM-01519,2026-07-18,Line B,Day,TS-03,FW-SIM-0.3,1.87,4.26,86.0,Pass,None,No
WHRM-01520,2026-07-18,Line B,Day,TS-02,FW-SIM-0.3,2.17,3.88,91.1,Pass,None,No
WHRM-01521,2026-07-18,Line C,Day,TS-02,FW-SIM-0.3,0.42,3.93,90.6,Pass,None,No
WHRM-01522,2026-07-18,Line A,Day,TS-02,FW-SIM-0.3,3.78,5.12,82.3,Fail,Slow response time,Yes
WHRM-01523,2026-07-18,Line C,Day,TS-01,FW-SIM-0.3,2.09,4.23,97.2,Pass,None,No
WHRM-01524,2026-07-18,Line C,Day,TS-01,FW-SIM-0.3,0.45,2.82,91.5,Pass,None,No
WHRM-01525,2026-07-18,Line A,Day,TS-01,FW-SIM-0.3,1.11,3.45,94.4,Pass,None,No
WHRM-01526,2026-07-18,Line B,Day,TS-01,FW-SIM-0.3,2.87,3.52,91.7,Pass,None,No
WHRM-01527,2026-07-18,Line A,Evening,TS-03,FW-SIM-0.3,1.65,3.1,92.2,Pass,None,No
WHRM-01528,2026-07-18,Line A,Day,TS-02,FW-SIM-0.3,3.7,4.67,84.7,Pass,None,No
WHRM-01529,2026-07-18,Line B,Day,TS-01,FW-SIM-0.3,1.53,3.82,84.0,Pass,None,No
WHRM-01530,2026-07-18,Line B,Day,TS-02,FW-SIM-0.3,3.49,4.25,88.7,Pass,None,No
WHRM-01531,2026-07-18,Line B,Evening,TS-02,FW-SIM-0.3,4.35,4.23,86.5,Pass,None,No
WHRM-01532,2026-07-18,Line B,Day,TS-02,FW-SIM-0.3,2.74,3.7,91.7,Pass,None,No
WHRM-01533,2026-07-18,Line B,Day,TS-01,FW-SIM-0.3,0.66,2.96,84.8,Pass,None,No
WHRM-01534,2026-07-18,Line A,Day,TS-01,FW-SIM-0.3,2.52,4.74,93.6,Pass,None,No
WHRM-01535,2026-07-18,Line C,Day,TS-01,FW-SIM-0.3,3.58,4.06,87.6,Pass,None,No
WHRM-01536,2026-07-18,Line A,Day,TS-03,FW-SIM-0.3,3.36,3.98,82.2,Fail,Assembly defect,No
WHRM-01537,2026-07-18,Line B,Evening,TS-02,FW-SIM-0.3,4.53,3.19,82.1,Pass,None,No
WHRM-01538,2026-07-18,Line A,Day,TS-01,FW-SIM-0.3,0.26,4.0,99.9,Pass,None,No
WHRM-01539,2026-07-18,Line A,Evening,TS-03,FW-SIM-0.3,2.86,4.46,86.7,Pass,None,No
WHRM-01540,2026-07-18,Line B,Day,TS-01,FW-SIM-0.3,3.11,3.66,79.7,Fail,Low signal quality,No
WHRM-01541,2026-07-18,Line A,Day,TS-01,FW-SIM-0.3,3.6,5.33,90.0,Fail,Slow response time,Yes
WHRM-01542,2026-07-18,Line B,Evening,TS-02,FW-SIM-0.3,1.88,3.94,90.5,Pass,None,No
WHRM-01543,2026-07-18,Line A,Evening,TS-01,FW-SIM-0.3,4.86,3.64,85.5,Pass,None,No
WHRM-01544,2026-07-18,Line A,Evening,TS-03,FW-SIM-0.3,2.71,4.21,87.8,Pass,None,No
WHRM-01545,2026-07-18,Line B,Evening,TS-03,FW-SIM-0.3,4.11,3.64,93.8,Pass,None,No
WHRM-01546,2026-07-18,Line B,Day,TS-02,FW-SIM-0.3,3.12,4.02,92.0,Pass,None,No
WHRM-01547,2026-07-18,Line A,Evening,TS-02,FW-SIM-0.3,2.13,4.27,88.0,Pass,None,No
WHRM-01548,2026-07-18,Line A,Day,TS-02,FW-SIM-0.3,0.74,3.01,88.8,Pass,None,No
WHRM-01549,2026-07-18,Line B,Day,TS-03,FW-SIM-0.3,4.74,3.64,95.2,Pass,None,No
WHRM-01550,2026-07-18,Line B,Day,TS-03,FW-SIM-0.3,4.0,4.16,89.5,Pass,None,No
WHRM-01551,2026-07-18,Line B,Day,TS-03,FW-SIM-0.3,1.73,3.82,80.9,Fail,Low signal quality,Yes
WHRM-01552,2026-07-18,Line A,Day,TS-02,FW-SIM-0.3,2.33,4.61,91.1,Pass,None,No
WHRM-01553,2026-07-18,Line B,Evening,TS-03,FW-SIM-0.3,4.16,4.78,90.4,Pass,None,No
WHRM-01554,2026-07-18,Line A,Day,TS-02,FW-SIM-0.3,1.96,4.56,85.3,Pass,None,No
WHRM-01555,2026-07-18,Line A,Evening,TS-03,FW-SIM-0.3,2.34,4.84,93.8,Pass,None,No
WHRM-01556,2026-07-18,Line A,Day,TS-02,FW-SIM-0.3,2.27,4.3,83.2,Pass,None,No
WHRM-01557,2026-07-18,Line B,Day,TS-03,FW-SIM-0.3,2.03,3.88,83.5,Pass,None,No
WHRM-01558,2026-07-18,Line A,Evening,TS-01,FW-SIM-0.3,2.26,3.89,98.2,Pass,None,No
WHRM-01559,2026-07-18,Line C,Evening,TS-02,FW-SIM-0.3,3.1,3.23,96.4,Pass,None,No
WHRM-01560,2026-07-18,Line C,Day,TS-03,FW-SIM-0.3,2.23,2.32,87.1,Pass,None,No
WHRM-01561,2026-07-18,Line B,Evening,TS-02,FW-SIM-0.3,3.75,4.69,85.9,Pass,None,No
WHRM-01562,2026-07-18,Line A,Day,TS-01,FW-SIM-0.3,3.42,3.3,95.1,Pass,None,No
WHRM-01563,2026-07-18,Line A,Evening,TS-02,FW-SIM-0.3,1.02,3.34,95.8,Fail,Assembly defect,Yes
WHRM-01564,2026-07-18,Line A,Day,TS-02,FW-SIM-0.3,1.19,3.34,100.0,Pass,None,No
WHRM-01565,2026-07-18,Line C,Day,TS-02,FW-SIM-0.3,1.79,3.56,88.9,Pass,None,No
WHRM-01566,2026-07-18,Line C,Evening,TS-01,FW-SIM-0.3,1.27,4.76,98.5,Pass,None,No
WHRM-01567,2026-07-18,Line B,Day,TS-01,FW-SIM-0.3,5.36,4.04,90.5,Fail,High heart-rate error,No
WHRM-01568,2026-07-18,Line A,Day,TS-03,FW-SIM-0.3,5.66,4.8,94.8,Fail,High heart-rate error,Yes
WHRM-01569,2026-07-18,Line B,Day,TS-02,FW-SIM-0.3,4.23,2.83,95.3,Pass,None,No
WHRM-01570,2026-07-18,Line C,Day,TS-01,FW-SIM-0.3,0.63,3.47,91.7,Pass,None,No
WHRM-01571,2026-07-18,Line A,Evening,TS-03,FW-SIM-0.3,0.1,4.02,86.8,Pass,None,No
WHRM-01572,2026-07-18,Line A,Evening,TS-01,FW-SIM-0.3,3.23,3.07,95.2,Pass,None,No
WHRM-01573,2026-07-18,Line A,Evening,TS-03,FW-SIM-0.3,2.49,3.46,85.2,Pass,None,No
WHRM-01574,2026-07-18,Line A,Day,TS-02,FW-SIM-0.3,2.18,3.53,98.1,Pass,None,No
WHRM-01575,2026-07-18,Line B,Day,TS-03,FW-SIM-0.3,2.45,2.73,85.6,Pass,None,No
WHRM-01576,2026-07-18,Line A,Day,TS-03,FW-SIM-0.3,2.79,4.45,88.0,Pass,None,No
WHRM-01577,2026-07-18,Line B,Evening,TS-02,FW-SIM-0.3,1.04,4.32,94.7,Pass,None,No
WHRM-01578,2026-07-18,Line A,Day,TS-02,FW-SIM-0.3,2.53,3.13,93.4,Pass,None,No
WHRM-01579,2026-07-18,Line B,Day,TS-02,FW-SIM-0.3,4.4,3.41,89.1,Pass,None,No
WHRM-01580,2026-07-18,Line A,Evening,TS-02,FW-SIM-0.3,3.51,4.47,91.7,Pass,None,No
WHRM-01581,2026-07-18,Line B,Day,TS-01,FW-SIM-0.3,4.44,3.55,99.0,Pass,None,No
WHRM-01582,2026-07-18,Line B,Evening,TS-02,FW-SIM-0.3,1.66,2.88,88.6,Pass,None,No
WHRM-01583,2026-07-18,Line B,Day,TS-03,FW-SIM-0.3,6.27,2.62,82.8,Fail,High heart-rate error,Yes
WHRM-01584,2026-07-18,Line A,Day,TS-03,FW-SIM-0.3,0.44,4.21,90.7,Pass,None,No
WHRM-01585,2026-07-18,Line C,Day,TS-03,FW-SIM-0.3,2.52,4.12,83.9,Pass,None,No
WHRM-01586,2026-07-18,Line B,Day,TS-01,FW-SIM-0.3,0.95,3.65,89.1,Pass,None,No
WHRM-01587,2026-07-18,Line A,Day,TS-03,FW-SIM-0.3,1.2,4.33,84.2,Pass,None,No
WHRM-01588,2026-07-18,Line A,Day,TS-01,FW-SIM-0.3,5.88,2.89,85.6,Fail,High heart-rate error,No
WHRM-01589,2026-07-18,Line A,Evening,TS-01,FW-SIM-0.3,0.95,4.37,83.4,Pass,None,No
WHRM-01590,2026-07-18,Line B,Evening,TS-01,FW-SIM-0.3,0.1,4.41,88.8,Pass,None,No
WHRM-01591,2026-07-18,Line A,Evening,TS-03,FW-SIM-0.3,3.32,4.36,91.9,Pass,None,No
WHRM-01592,2026-07-18,Line A,Evening,TS-03,FW-SIM-0.3,1.65,3.94,90.6,Pass,None,No
WHRM-01593,2026-07-18,Line B,Evening,TS-01,FW-SIM-0.3,1.63,3.2,98.1,Pass,None,No
WHRM-01594,2026-07-18,Line B,Day,TS-01,FW-SIM-0.3,5.03,4.54,87.8,Fail,High heart-rate error,Yes
WHRM-01595,2026-07-18,Line B,Evening,TS-01,FW-SIM-0.3,3.6,4.54,94.0,Pass,None,No
WHRM-01596,2026-07-18,Line A,Day,TS-03,FW-SIM-0.3,4.75,4.63,87.6,Pass,None,No
WHRM-01597,2026-07-18,Line A,Evening,TS-03,FW-SIM-0.3,2.65,3.7,87.6,Pass,None,No
WHRM-01598,2026-07-18,Line B,Day,TS-01,FW-SIM-0.3,3.3,4.02,92.9,Pass,None,No
WHRM-01599,2026-07-18,Line C,Day,TS-01,FW-SIM-0.3,4.05,4.41,92.8,Pass,None,No
WHRM-01600,2026-07-18,Line B,Day,TS-03,FW-SIM-0.3,1.61,2.92,77.5,Fail,Low signal quality,Yes
WHRM-01601,2026-07-19,Line C,Day,TS-02,FW-SIM-0.3,4.51,3.54,100.0,Pass,None,No
WHRM-01602,2026-07-19,Line B,Evening,TS-03,FW-SIM-0.3,4.24,3.75,87.9,Pass,None,No
WHRM-01603,2026-07-19,Line A,Evening,TS-01,FW-SIM-0.3,2.99,3.99,93.6,Pass,None,No
WHRM-01604,2026-07-19,Line A,Evening,TS-01,FW-SIM-0.3,2.95,3.47,100.0,Pass,None,No
WHRM-01605,2026-07-19,Line A,Day,TS-01,FW-SIM-0.3,1.0,4.78,94.7,Fail,Cosmetic defect,Yes
WHRM-01606,2026-07-19,Line A,Day,TS-02,FW-SIM-0.3,3.45,4.49,95.7,Pass,None,No
WHRM-01607,2026-07-19,Line B,Day,TS-01,FW-SIM-0.3,2.28,3.69,90.0,Pass,None,No
WHRM-01608,2026-07-19,Line B,Evening,TS-01,FW-SIM-0.3,3.71,3.87,90.8,Pass,None,No
WHRM-01609,2026-07-19,Line B,Evening,TS-03,FW-SIM-0.3,0.1,2.97,94.7,Pass,None,No
WHRM-01610,2026-07-19,Line A,Evening,TS-03,FW-SIM-0.3,2.72,4.93,84.6,Pass,None,No
WHRM-01611,2026-07-19,Line A,Evening,TS-02,FW-SIM-0.3,6.25,4.98,95.3,Fail,High heart-rate error,Yes
WHRM-01612,2026-07-19,Line B,Day,TS-01,FW-SIM-0.3,1.49,4.98,84.0,Pass,None,No
WHRM-01613,2026-07-19,Line B,Day,TS-03,FW-SIM-0.3,0.5,4.67,88.9,Pass,None,No
WHRM-01614,2026-07-19,Line A,Day,TS-02,FW-SIM-0.3,1.48,3.4,93.4,Pass,None,No
WHRM-01615,2026-07-19,Line A,Day,TS-02,FW-SIM-0.3,1.05,4.09,92.5,Pass,None,No
WHRM-01616,2026-07-19,Line B,Evening,TS-01,FW-SIM-0.3,4.61,3.29,80.0,Fail,Low signal quality,No
WHRM-01617,2026-07-19,Line A,Day,TS-01,FW-SIM-0.3,2.2,3.79,89.8,Pass,None,No
WHRM-01618,2026-07-19,Line B,Evening,TS-01,FW-SIM-0.3,3.17,5.95,93.6,Fail,Slow response time,No
WHRM-01619,2026-07-19,Line A,Day,TS-02,FW-SIM-0.3,1.85,3.09,89.8,Pass,None,No
WHRM-01620,2026-07-19,Line B,Day,TS-02,FW-SIM-0.3,2.41,3.45,91.0,Pass,None,No
WHRM-01621,2026-07-19,Line B,Day,TS-01,FW-SIM-0.3,3.64,4.79,91.7,Pass,None,No
WHRM-01622,2026-07-19,Line A,Day,TS-01,FW-SIM-0.3,0.1,4.27,84.8,Fail,Assembly defect,Yes
WHRM-01623,2026-07-19,Line C,Evening,TS-01,FW-SIM-0.3,0.99,3.21,91.5,Pass,None,No
WHRM-01624,2026-07-19,Line C,Evening,TS-02,FW-SIM-0.3,2.66,4.16,87.7,Pass,None,No
WHRM-01625,2026-07-19,Line C,Evening,TS-01,FW-SIM-0.3,3.48,3.14,87.1,Pass,None,No
WHRM-01626,2026-07-19,Line B,Evening,TS-03,FW-SIM-0.3,1.42,4.38,78.5,Fail,Low signal quality,Yes
WHRM-01627,2026-07-19,Line A,Evening,TS-02,FW-SIM-0.3,2.78,2.95,84.1,Pass,None,No
WHRM-01628,2026-07-19,Line B,Day,TS-02,FW-SIM-0.3,3.11,4.4,87.2,Pass,None,No
WHRM-01629,2026-07-19,Line B,Evening,TS-01,FW-SIM-0.3,1.1,3.91,99.1,Pass,None,No
WHRM-01630,2026-07-19,Line B,Evening,TS-03,FW-SIM-0.3,3.45,2.65,94.9,Pass,None,No
WHRM-01631,2026-07-19,Line A,Day,TS-02,FW-SIM-0.3,1.22,2.74,96.5,Pass,None,No
WHRM-01632,2026-07-19,Line B,Evening,TS-01,FW-SIM-0.3,1.66,3.87,82.9,Pass,None,No
WHRM-01633,2026-07-19,Line A,Evening,TS-02,FW-SIM-0.3,0.4,3.47,96.2,Pass,None,No
WHRM-01634,2026-07-19,Line C,Evening,TS-03,FW-SIM-0.3,1.48,5.17,84.8,Fail,Slow response time,Yes
WHRM-01635,2026-07-19,Line A,Evening,TS-02,FW-SIM-0.3,4.31,4.63,91.8,Pass,None,No
WHRM-01636,2026-07-19,Line A,Day,TS-02,FW-SIM-0.3,3.28,3.5,93.8,Pass,None,No
WHRM-01637,2026-07-19,Line B,Day,TS-02,FW-SIM-0.3,1.86,4.14,96.4,Pass,None,No
WHRM-01638,2026-07-19,Line A,Day,TS-01,FW-SIM-0.3,0.71,3.59,97.9,Pass,None,No
WHRM-01639,2026-07-19,Line C,Day,TS-01,FW-SIM-0.3,1.01,3.72,87.3,Pass,None,No
WHRM-01640,2026-07-19,Line A,Day,TS-01,FW-SIM-0.3,0.1,4.18,88.0,Pass,None,No
WHRM-01641,2026-07-19,Line B,Day,TS-03,FW-SIM-0.3,1.41,3.17,93.5,Pass,None,No
WHRM-01642,2026-07-19,Line B,Evening,TS-03,FW-SIM-0.3,1.35,4.03,96.5,Pass,None,No
WHRM-01643,2026-07-19,Line B,Evening,TS-01,FW-SIM-0.3,0.42,4.31,80.7,Fail,Low signal quality,Yes
WHRM-01644,2026-07-19,Line B,Day,TS-03,FW-SIM-0.3,1.84,3.83,92.0,Pass,None,No
WHRM-01645,2026-07-19,Line C,Day,TS-03,FW-SIM-0.3,3.12,4.41,85.9,Pass,None,No
WHRM-01646,2026-07-19,Line A,Day,TS-03,FW-SIM-0.3,3.53,4.7,93.3,Pass,None,No
WHRM-01647,2026-07-19,Line A,Evening,TS-02,FW-SIM-0.3,0.73,4.27,80.1,Fail,Low signal quality,Yes
WHRM-01648,2026-07-19,Line C,Day,TS-02,FW-SIM-0.3,2.73,4.23,90.1,Pass,None,No
WHRM-01649,2026-07-19,Line A,Day,TS-03,FW-SIM-0.3,4.0,2.89,90.7,Pass,None,No
WHRM-01650,2026-07-19,Line A,Evening,TS-03,FW-SIM-0.3,1.39,4.24,92.3,Pass,None,No
WHRM-01651,2026-07-19,Line A,Evening,TS-03,FW-SIM-0.3,0.1,3.57,79.7,Fail,Low signal quality,Yes
WHRM-01652,2026-07-19,Line C,Day,TS-01,FW-SIM-0.3,3.37,3.91,95.8,Pass,None,No
WHRM-01653,2026-07-19,Line A,Day,TS-02,FW-SIM-0.3,1.74,4.39,100.0,Pass,None,No
WHRM-01654,2026-07-19,Line A,Evening,TS-03,FW-SIM-0.3,1.46,2.77,88.8,Pass,None,No
WHRM-01655,2026-07-19,Line B,Day,TS-01,FW-SIM-0.3,5.53,2.99,88.0,Fail,High heart-rate error,Yes
WHRM-01656,2026-07-19,Line C,Day,TS-01,FW-SIM-0.3,3.48,3.66,84.6,Fail,Cosmetic defect,No
WHRM-01657,2026-07-19,Line A,Evening,TS-01,FW-SIM-0.3,0.1,4.96,94.8,Pass,None,No
WHRM-01658,2026-07-19,Line B,Day,TS-01,FW-SIM-0.3,4.01,3.56,95.7,Pass,None,No
WHRM-01659,2026-07-19,Line B,Day,TS-01,FW-SIM-0.3,3.83,2.93,94.8,Pass,None,No
WHRM-01660,2026-07-19,Line A,Day,TS-01,FW-SIM-0.3,3.02,4.06,95.4,Pass,None,No
WHRM-01661,2026-07-19,Line C,Day,TS-02,FW-SIM-0.3,1.94,4.13,100.0,Pass,None,No
WHRM-01662,2026-07-19,Line C,Day,TS-01,FW-SIM-0.3,2.88,3.0,81.9,Fail,Low signal quality,Yes
WHRM-01663,2026-07-19,Line C,Day,TS-03,FW-SIM-0.3,1.26,3.9,88.1,Pass,None,No
WHRM-01664,2026-07-19,Line B,Day,TS-02,FW-SIM-0.3,2.94,4.33,93.5,Pass,None,No
WHRM-01665,2026-07-19,Line B,Day,TS-02,FW-SIM-0.3,2.23,5.01,86.5,Fail,Slow response time,Yes
WHRM-01666,2026-07-19,Line A,Day,TS-01,FW-SIM-0.3,1.64,3.18,93.6,Pass,None,No
WHRM-01667,2026-07-19,Line C,Day,TS-01,FW-SIM-0.3,2.99,3.48,86.1,Pass,None,No
WHRM-01668,2026-07-19,Line B,Day,TS-02,FW-SIM-0.3,5.35,3.79,85.9,Fail,High heart-rate error,Yes
WHRM-01669,2026-07-19,Line C,Evening,TS-01,FW-SIM-0.3,1.49,5.57,91.2,Fail,Slow response time,Yes
WHRM-01670,2026-07-19,Line A,Day,TS-02,FW-SIM-0.3,0.5,3.64,90.2,Pass,None,No
WHRM-01671,2026-07-19,Line B,Day,TS-02,FW-SIM-0.3,2.56,2.49,100.0,Pass,None,No
WHRM-01672,2026-07-19,Line C,Day,TS-02,FW-SIM-0.3,1.61,4.16,90.4,Pass,None,No
WHRM-01673,2026-07-19,Line C,Evening,TS-01,FW-SIM-0.3,3.1,3.25,91.2,Pass,None,No
WHRM-01674,2026-07-19,Line A,Evening,TS-01,FW-SIM-0.3,5.35,3.86,90.6,Fail,High heart-rate error,Yes
WHRM-01675,2026-07-19,Line C,Day,TS-01,FW-SIM-0.3,3.59,3.32,95.7,Pass,None,No
WHRM-01676,2026-07-19,Line A,Day,TS-01,FW-SIM-0.3,3.82,3.9,80.8,Fail,Low signal quality,Yes
WHRM-01677,2026-07-19,Line C,Day,TS-02,FW-SIM-0.3,2.05,3.34,89.4,Pass,None,No
WHRM-01678,2026-07-19,Line A,Day,TS-01,FW-SIM-0.3,2.16,3.58,94.6,Pass,None,No
WHRM-01679,2026-07-19,Line B,Evening,TS-03,FW-SIM-0.3,4.36,5.22,91.6,Fail,Slow response time,No
WHRM-01680,2026-07-19,Line A,Day,TS-01,FW-SIM-0.3,2.83,3.83,100.0,Pass,None,No
WHRM-01681,2026-07-19,Line C,Day,TS-01,FW-SIM-0.3,1.65,3.2,95.1,Pass,None,No
WHRM-01682,2026-07-19,Line B,Evening,TS-03,FW-SIM-0.3,4.85,4.35,94.1,Pass,None,No
WHRM-01683,2026-07-19,Line C,Day,TS-01,FW-SIM-0.3,1.21,4.06,89.7,Pass,None,No
WHRM-01684,2026-07-19,Line B,Day,TS-02,FW-SIM-0.3,2.61,4.18,100.0,Pass,None,No
WHRM-01685,2026-07-19,Line B,Day,TS-02,FW-SIM-0.3,1.73,2.88,87.9,Pass,None,No
WHRM-01686,2026-07-19,Line B,Day,TS-01,FW-SIM-0.3,2.37,3.23,95.6,Pass,None,No
WHRM-01687,2026-07-19,Line A,Day,TS-02,FW-SIM-0.3,1.9,3.74,89.3,Pass,None,No
WHRM-01688,2026-07-19,Line C,Evening,TS-01,FW-SIM-0.3,1.74,4.19,89.3,Pass,None,No
WHRM-01689,2026-07-19,Line A,Day,TS-01,FW-SIM-0.3,1.54,3.82,86.3,Pass,None,No
WHRM-01690,2026-07-20,Line A,Day,TS-01,FW-SIM-0.3,2.25,3.23,95.7,Pass,None,No
WHRM-01691,2026-07-20,Line B,Evening,TS-02,FW-SIM-0.3,4.21,5.15,90.2,Fail,Slow response time,Yes
WHRM-01692,2026-07-20,Line B,Evening,TS-01,FW-SIM-0.3,3.41,4.33,100.0,Pass,None,No
WHRM-01693,2026-07-20,Line B,Day,TS-02,FW-SIM-0.3,5.26,3.34,93.9,Fail,High heart-rate error,Yes
WHRM-01694,2026-07-20,Line A,Day,TS-02,FW-SIM-0.3,1.99,2.57,92.4,Pass,None,No
WHRM-01695,2026-07-20,Line B,Evening,TS-01,FW-SIM-0.3,4.99,3.17,83.3,Pass,None,No
WHRM-01696,2026-07-20,Line C,Evening,TS-02,FW-SIM-0.3,2.24,3.59,92.7,Pass,None,No
WHRM-01697,2026-07-20,Line A,Day,TS-01,FW-SIM-0.3,3.27,4.22,89.1,Pass,None,No
WHRM-01698,2026-07-20,Line C,Day,TS-02,FW-SIM-0.3,1.31,3.39,92.9,Pass,None,No
WHRM-01699,2026-07-20,Line B,Day,TS-02,FW-SIM-0.3,5.31,2.93,88.7,Fail,High heart-rate error,No
WHRM-01700,2026-07-20,Line B,Day,TS-02,FW-SIM-0.3,2.49,4.12,89.9,Pass,None,No
WHRM-01701,2026-07-20,Line B,Day,TS-03,FW-SIM-0.3,3.97,4.65,91.6,Pass,None,No
WHRM-01702,2026-07-20,Line C,Day,TS-01,FW-SIM-0.3,3.13,2.94,86.2,Pass,None,No
WHRM-01703,2026-07-20,Line A,Day,TS-01,FW-SIM-0.3,1.18,3.93,98.7,Pass,None,No
WHRM-01704,2026-07-20,Line C,Day,TS-02,FW-SIM-0.3,3.26,3.8,81.9,Fail,Low signal quality,Yes
WHRM-01705,2026-07-20,Line B,Day,TS-03,FW-SIM-0.3,1.85,4.74,91.8,Pass,None,No
WHRM-01706,2026-07-20,Line B,Evening,TS-03,FW-SIM-0.3,3.44,4.14,92.6,Pass,None,No
WHRM-01707,2026-07-20,Line B,Day,TS-02,FW-SIM-0.3,2.15,3.95,83.6,Pass,None,No
WHRM-01708,2026-07-20,Line B,Day,TS-03,FW-SIM-0.3,3.93,4.79,84.1,Pass,None,No
WHRM-01709,2026-07-20,Line B,Day,TS-01,FW-SIM-0.3,2.41,4.1,90.0,Pass,None,No
WHRM-01710,2026-07-20,Line A,Day,TS-03,FW-SIM-0.3,4.46,4.43,88.1,Pass,None,No
WHRM-01711,2026-07-20,Line B,Evening,TS-01,FW-SIM-0.3,5.62,3.81,97.1,Fail,High heart-rate error,No
WHRM-01712,2026-07-20,Line A,Evening,TS-01,FW-SIM-0.3,1.41,4.04,93.6,Pass,None,No
WHRM-01713,2026-07-20,Line B,Day,TS-01,FW-SIM-0.3,3.13,3.9,93.1,Pass,None,No
WHRM-01714,2026-07-20,Line A,Evening,TS-01,FW-SIM-0.3,2.92,3.35,93.3,Pass,None,No
WHRM-01715,2026-07-20,Line B,Day,TS-02,FW-SIM-0.3,6.08,2.29,90.8,Fail,High heart-rate error,Yes
WHRM-01716,2026-07-20,Line C,Day,TS-01,FW-SIM-0.3,3.84,2.13,97.5,Pass,None,No
WHRM-01717,2026-07-20,Line A,Evening,TS-02,FW-SIM-0.3,3.97,4.12,95.8,Pass,None,No
WHRM-01718,2026-07-20,Line A,Day,TS-02,FW-SIM-0.3,0.1,3.92,87.2,Pass,None,No
WHRM-01719,2026-07-20,Line B,Day,TS-03,FW-SIM-0.3,2.8,3.67,82.6,Pass,None,No
WHRM-01720,2026-07-20,Line B,Evening,TS-03,FW-SIM-0.3,0.6,4.3,88.4,Pass,None,No
WHRM-01721,2026-07-20,Line A,Day,TS-01,FW-SIM-0.3,3.47,4.13,85.5,Pass,None,No
WHRM-01722,2026-07-20,Line A,Day,TS-01,FW-SIM-0.3,1.76,2.86,86.3,Fail,Cosmetic defect,Yes
WHRM-01723,2026-07-20,Line B,Day,TS-03,FW-SIM-0.3,5.38,2.91,83.4,Fail,High heart-rate error,Yes
WHRM-01724,2026-07-20,Line A,Day,TS-01,FW-SIM-0.3,5.65,4.12,88.8,Fail,High heart-rate error,No
WHRM-01725,2026-07-20,Line A,Day,TS-01,FW-SIM-0.3,1.51,3.84,95.7,Pass,None,No
WHRM-01726,2026-07-20,Line B,Day,TS-01,FW-SIM-0.3,3.17,4.07,89.7,Pass,None,No
WHRM-01727,2026-07-20,Line C,Day,TS-03,FW-SIM-0.3,0.1,4.37,80.4,Fail,Low signal quality,Yes
WHRM-01728,2026-07-20,Line A,Evening,TS-02,FW-SIM-0.3,4.01,3.41,91.5,Pass,None,No
WHRM-01729,2026-07-20,Line C,Day,TS-02,FW-SIM-0.3,5.71,4.16,87.6,Fail,High heart-rate error,Yes
WHRM-01730,2026-07-20,Line A,Day,TS-02,FW-SIM-0.3,2.62,4.91,90.3,Pass,None,No
WHRM-01731,2026-07-20,Line B,Day,TS-02,FW-SIM-0.3,3.23,4.24,88.7,Pass,None,No
WHRM-01732,2026-07-20,Line A,Day,TS-01,FW-SIM-0.3,0.53,3.82,90.0,Pass,None,No
WHRM-01733,2026-07-20,Line A,Evening,TS-02,FW-SIM-0.3,3.57,3.59,93.1,Pass,None,No
WHRM-01734,2026-07-20,Line C,Evening,TS-01,FW-SIM-0.3,0.22,3.21,88.0,Pass,None,No
WHRM-01735,2026-07-20,Line B,Evening,TS-01,FW-SIM-0.3,0.73,4.1,99.3,Pass,None,No
WHRM-01736,2026-07-20,Line B,Day,TS-01,FW-SIM-0.3,2.8,3.55,92.8,Pass,None,No
WHRM-01737,2026-07-20,Line C,Day,TS-01,FW-SIM-0.3,4.62,3.97,95.1,Pass,None,No
WHRM-01738,2026-07-20,Line A,Day,TS-01,FW-SIM-0.3,3.12,3.43,90.5,Pass,None,No
WHRM-01739,2026-07-20,Line B,Evening,TS-03,FW-SIM-0.3,6.12,4.04,87.9,Fail,High heart-rate error,Yes
WHRM-01740,2026-07-20,Line B,Day,TS-02,FW-SIM-0.3,4.89,3.64,92.0,Pass,None,No
WHRM-01741,2026-07-20,Line C,Evening,TS-01,FW-SIM-0.3,1.99,3.05,91.4,Fail,Assembly defect,Yes
WHRM-01742,2026-07-20,Line B,Evening,TS-03,FW-SIM-0.3,0.74,2.91,78.4,Fail,Low signal quality,Yes
WHRM-01743,2026-07-20,Line A,Day,TS-03,FW-SIM-0.3,0.96,3.13,89.3,Pass,None,No
WHRM-01744,2026-07-20,Line A,Evening,TS-01,FW-SIM-0.3,1.89,3.67,90.1,Pass,None,No
WHRM-01745,2026-07-20,Line A,Day,TS-02,FW-SIM-0.3,1.53,3.82,85.0,Pass,None,No
WHRM-01746,2026-07-20,Line A,Day,TS-01,FW-SIM-0.3,4.8,4.62,89.1,Pass,None,No
WHRM-01747,2026-07-20,Line A,Evening,TS-01,FW-SIM-0.3,1.99,4.56,95.7,Pass,None,No
WHRM-01748,2026-07-20,Line C,Day,TS-01,FW-SIM-0.3,0.25,3.76,98.3,Pass,None,No
WHRM-01749,2026-07-20,Line A,Evening,TS-01,FW-SIM-0.3,3.12,3.88,87.0,Pass,None,No
WHRM-01750,2026-07-20,Line A,Evening,TS-02,FW-SIM-0.3,5.14,3.54,95.5,Fail,High heart-rate error,Yes
WHRM-01751,2026-07-20,Line C,Day,TS-02,FW-SIM-0.3,4.07,3.7,90.6,Pass,None,No
WHRM-01752,2026-07-20,Line C,Day,TS-02,FW-SIM-0.3,3.33,4.71,91.6,Pass,None,No
WHRM-01753,2026-07-20,Line B,Day,TS-01,FW-SIM-0.3,3.29,4.22,98.0,Pass,None,No
WHRM-01754,2026-07-20,Line B,Evening,TS-02,FW-SIM-0.3,1.68,3.34,100.0,Pass,None,No
WHRM-01755,2026-07-20,Line A,Day,TS-01,FW-SIM-0.3,4.23,3.46,97.9,Pass,None,No
WHRM-01756,2026-07-20,Line B,Evening,TS-02,FW-SIM-0.3,3.58,4.19,88.6,Pass,None,No
WHRM-01757,2026-07-20,Line A,Evening,TS-02,FW-SIM-0.3,2.89,4.13,93.9,Pass,None,No
WHRM-01758,2026-07-20,Line A,Day,TS-03,FW-SIM-0.3,4.48,3.64,91.4,Pass,None,No
WHRM-01759,2026-07-20,Line B,Day,TS-02,FW-SIM-0.3,2.5,3.42,90.0,Pass,None,No
WHRM-01760,2026-07-20,Line A,Day,TS-01,FW-SIM-0.3,5.57,3.05,88.0,Fail,High heart-rate error,Yes
WHRM-01761,2026-07-20,Line A,Day,TS-03,FW-SIM-0.3,3.73,3.56,78.0,Fail,Low signal quality,Yes
WHRM-01762,2026-07-20,Line B,Evening,TS-02,FW-SIM-0.3,3.22,3.22,91.3,Pass,None,No
WHRM-01763,2026-07-20,Line C,Day,TS-01,FW-SIM-0.3,2.92,3.99,89.1,Pass,None,No
WHRM-01764,2026-07-20,Line B,Day,TS-03,FW-SIM-0.3,3.15,4.92,85.2,Pass,None,No
WHRM-01765,2026-07-20,Line A,Evening,TS-01,FW-SIM-0.3,2.35,4.08,82.9,Pass,None,No
WHRM-01766,2026-07-20,Line A,Evening,TS-03,FW-SIM-0.3,0.41,3.5,94.4,Pass,None,No
WHRM-01767,2026-07-20,Line A,Day,TS-03,FW-SIM-0.3,0.76,4.02,79.9,Fail,Low signal quality,No
WHRM-01768,2026-07-20,Line A,Day,TS-03,FW-SIM-0.3,3.94,4.85,91.2,Pass,None,No
WHRM-01769,2026-07-20,Line A,Day,TS-02,FW-SIM-0.3,3.32,4.48,100.0,Pass,None,No
WHRM-01770,2026-07-20,Line B,Day,TS-02,FW-SIM-0.3,5.24,4.08,90.3,Fail,High heart-rate error,Yes
WHRM-01771,2026-07-20,Line B,Evening,TS-02,FW-SIM-0.3,1.22,2.54,89.3,Pass,None,No
WHRM-01772,2026-07-20,Line C,Day,TS-01,FW-SIM-0.3,3.11,4.51,96.5,Pass,None,No
WHRM-01773,2026-07-20,Line A,Day,TS-01,FW-SIM-0.3,0.18,4.47,87.8,Pass,None,No
WHRM-01774,2026-07-20,Line A,Day,TS-01,FW-SIM-0.3,1.76,3.31,90.9,Pass,None,No
WHRM-01775,2026-07-20,Line B,Evening,TS-03,FW-SIM-0.3,1.95,3.13,89.3,Pass,None,No
WHRM-01776,2026-07-20,Line C,Evening,TS-01,FW-SIM-0.3,2.97,3.22,100.0,Pass,None,No
WHRM-01777,2026-07-20,Line C,Evening,TS-01,FW-SIM-0.3,2.12,5.14,95.3,Fail,Slow response time,No
WHRM-01778,2026-07-20,Line B,Evening,TS-01,FW-SIM-0.3,3.74,3.66,91.2,Pass,None,No
WHRM-01779,2026-07-21,Line A,Day,TS-02,FW-SIM-0.3,1.38,4.75,89.7,Pass,None,No
WHRM-01780,2026-07-21,Line A,Evening,TS-03,FW-SIM-0.3,0.1,4.16,87.1,Pass,None,No
WHRM-01781,2026-07-21,Line C,Day,TS-02,FW-SIM-0.3,4.81,4.33,79.9,Fail,Low signal quality,No
WHRM-01782,2026-07-21,Line B,Day,TS-01,FW-SIM-0.3,3.94,3.56,89.5,Pass,None,No
WHRM-01783,2026-07-21,Line A,Day,TS-03,FW-SIM-0.3,4.31,4.92,87.0,Pass,None,No
WHRM-01784,2026-07-21,Line A,Day,TS-02,FW-SIM-0.3,2.05,2.75,88.9,Pass,None,No
WHRM-01785,2026-07-21,Line A,Day,TS-03,FW-SIM-0.3,5.54,3.62,89.5,Fail,High heart-rate error,No
WHRM-01786,2026-07-21,Line B,Evening,TS-01,FW-SIM-0.3,1.18,3.65,79.9,Fail,Low signal quality,Yes
WHRM-01787,2026-07-21,Line B,Evening,TS-02,FW-SIM-0.3,2.41,4.5,93.2,Pass,None,No
WHRM-01788,2026-07-21,Line A,Evening,TS-01,FW-SIM-0.3,1.29,5.24,85.2,Fail,Slow response time,Yes
WHRM-01789,2026-07-21,Line A,Evening,TS-03,FW-SIM-0.3,2.36,3.42,87.2,Pass,None,No
WHRM-01790,2026-07-21,Line A,Evening,TS-01,FW-SIM-0.3,4.07,3.32,94.1,Pass,None,No
WHRM-01791,2026-07-21,Line B,Day,TS-02,FW-SIM-0.3,2.51,3.86,90.3,Pass,None,No
WHRM-01792,2026-07-21,Line C,Day,TS-01,FW-SIM-0.3,3.65,4.18,89.7,Pass,None,No
WHRM-01793,2026-07-21,Line C,Day,TS-02,FW-SIM-0.3,1.21,3.29,88.2,Pass,None,No
WHRM-01794,2026-07-21,Line A,Evening,TS-02,FW-SIM-0.3,4.44,4.76,88.7,Pass,None,No
WHRM-01795,2026-07-21,Line C,Day,TS-03,FW-SIM-0.3,0.43,3.43,87.6,Pass,None,No
WHRM-01796,2026-07-21,Line C,Evening,TS-03,FW-SIM-0.3,2.96,3.37,92.0,Pass,None,No
WHRM-01797,2026-07-21,Line A,Evening,TS-03,FW-SIM-0.3,1.98,4.31,87.7,Pass,None,No
WHRM-01798,2026-07-21,Line B,Evening,TS-01,FW-SIM-0.3,3.27,4.24,92.6,Fail,Assembly defect,Yes
WHRM-01799,2026-07-21,Line C,Day,TS-01,FW-SIM-0.3,2.29,4.17,90.0,Pass,None,No
WHRM-01800,2026-07-21,Line C,Day,TS-03,FW-SIM-0.3,1.66,2.78,83.7,Pass,None,No
WHRM-01801,2026-07-21,Line C,Day,TS-01,FW-SIM-0.3,2.52,4.01,91.3,Pass,None,No
WHRM-01802,2026-07-21,Line C,Day,TS-02,FW-SIM-0.3,3.96,3.7,99.0,Pass,None,No
WHRM-01803,2026-07-21,Line A,Day,TS-03,FW-SIM-0.3,3.52,4.48,96.2,Pass,None,No
WHRM-01804,2026-07-21,Line A,Evening,TS-02,FW-SIM-0.3,2.29,3.35,85.6,Pass,None,No
WHRM-01805,2026-07-21,Line C,Day,TS-01,FW-SIM-0.3,5.44,2.53,87.0,Fail,High heart-rate error,No
WHRM-01806,2026-07-21,Line C,Day,TS-03,FW-SIM-0.3,2.86,3.99,82.7,Pass,None,No
WHRM-01807,2026-07-21,Line B,Evening,TS-02,FW-SIM-0.3,3.97,3.4,95.1,Pass,None,No
WHRM-01808,2026-07-21,Line A,Evening,TS-03,FW-SIM-0.3,4.14,5.19,91.9,Fail,Slow response time,No
WHRM-01809,2026-07-21,Line B,Evening,TS-01,FW-SIM-0.3,1.57,4.51,98.5,Pass,None,No
WHRM-01810,2026-07-21,Line A,Day,TS-03,FW-SIM-0.3,4.14,4.29,83.2,Pass,None,No
WHRM-01811,2026-07-21,Line A,Day,TS-03,FW-SIM-0.3,2.05,4.58,88.8,Pass,None,No
WHRM-01812,2026-07-21,Line B,Day,TS-02,FW-SIM-0.3,6.1,3.37,85.3,Fail,High heart-rate error,Yes
WHRM-01813,2026-07-21,Line B,Day,TS-03,FW-SIM-0.3,5.64,3.58,83.0,Fail,High heart-rate error,Yes
WHRM-01814,2026-07-21,Line C,Evening,TS-02,FW-SIM-0.3,2.69,3.96,87.0,Pass,None,No
WHRM-01815,2026-07-21,Line A,Day,TS-02,FW-SIM-0.3,2.08,3.7,91.9,Pass,None,No
WHRM-01816,2026-07-21,Line A,Evening,TS-02,FW-SIM-0.3,3.16,4.24,90.4,Pass,None,No
WHRM-01817,2026-07-21,Line C,Evening,TS-03,FW-SIM-0.3,1.64,3.84,91.4,Pass,None,No
WHRM-01818,2026-07-21,Line B,Day,TS-02,FW-SIM-0.3,5.36,3.32,94.0,Fail,High heart-rate error,Yes
WHRM-01819,2026-07-21,Line B,Evening,TS-01,FW-SIM-0.3,2.65,3.13,92.1,Pass,None,No
WHRM-01820,2026-07-21,Line B,Evening,TS-02,FW-SIM-0.3,3.29,4.46,78.5,Fail,Low signal quality,Yes
WHRM-01821,2026-07-21,Line C,Day,TS-03,FW-SIM-0.3,1.31,3.71,90.8,Pass,None,No
WHRM-01822,2026-07-21,Line A,Day,TS-02,FW-SIM-0.3,2.84,3.09,79.4,Fail,Low signal quality,Yes
WHRM-01823,2026-07-21,Line A,Evening,TS-01,FW-SIM-0.3,2.52,3.61,91.0,Pass,None,No
WHRM-01824,2026-07-21,Line A,Day,TS-01,FW-SIM-0.3,2.7,4.75,94.7,Pass,None,No
WHRM-01825,2026-07-21,Line C,Day,TS-03,FW-SIM-0.3,5.03,4.39,89.9,Fail,High heart-rate error,Yes
WHRM-01826,2026-07-21,Line A,Day,TS-01,FW-SIM-0.3,0.1,2.92,86.4,Pass,None,No
WHRM-01827,2026-07-21,Line A,Day,TS-03,FW-SIM-0.3,1.32,3.43,86.7,Pass,None,No
WHRM-01828,2026-07-21,Line A,Day,TS-01,FW-SIM-0.3,2.71,3.89,96.9,Pass,None,No
WHRM-01829,2026-07-21,Line B,Evening,TS-01,FW-SIM-0.3,3.84,4.02,96.3,Pass,None,No
WHRM-01830,2026-07-21,Line B,Evening,TS-01,FW-SIM-0.3,3.63,4.13,85.4,Pass,None,No
WHRM-01831,2026-07-21,Line C,Day,TS-01,FW-SIM-0.3,3.45,4.14,87.2,Pass,None,No
WHRM-01832,2026-07-21,Line A,Day,TS-01,FW-SIM-0.3,2.64,4.01,98.8,Pass,None,No
WHRM-01833,2026-07-21,Line C,Evening,TS-02,FW-SIM-0.3,3.42,4.91,86.0,Pass,None,No
WHRM-01834,2026-07-21,Line C,Evening,TS-01,FW-SIM-0.3,4.47,4.03,99.2,Pass,None,No
WHRM-01835,2026-07-21,Line A,Evening,TS-01,FW-SIM-0.3,0.1,3.56,91.3,Pass,None,No
WHRM-01836,2026-07-21,Line B,Day,TS-02,FW-SIM-0.3,2.25,3.59,87.8,Pass,None,No
WHRM-01837,2026-07-21,Line B,Day,TS-03,FW-SIM-0.3,2.15,3.69,89.8,Pass,None,No
WHRM-01838,2026-07-21,Line A,Day,TS-03,FW-SIM-0.3,1.25,3.4,86.9,Pass,None,No
WHRM-01839,2026-07-21,Line A,Day,TS-02,FW-SIM-0.3,0.73,2.91,96.3,Pass,None,No
WHRM-01840,2026-07-21,Line B,Evening,TS-01,FW-SIM-0.3,0.42,3.78,95.2,Pass,None,No
WHRM-01841,2026-07-21,Line A,Evening,TS-01,FW-SIM-0.3,0.99,3.76,94.7,Fail,Assembly defect,Yes
WHRM-01842,2026-07-21,Line B,Evening,TS-02,FW-SIM-0.3,4.94,4.41,96.3,Pass,None,No
WHRM-01843,2026-07-21,Line A,Day,TS-03,FW-SIM-0.3,0.68,3.94,87.3,Pass,None,No
WHRM-01844,2026-07-21,Line A,Evening,TS-03,FW-SIM-0.3,2.2,3.22,89.3,Pass,None,No
WHRM-01845,2026-07-21,Line A,Day,TS-01,FW-SIM-0.3,2.53,3.52,93.1,Pass,None,No
WHRM-01846,2026-07-21,Line C,Day,TS-01,FW-SIM-0.3,3.31,4.11,100.0,Pass,None,No
WHRM-01847,2026-07-21,Line B,Evening,TS-01,FW-SIM-0.3,4.22,4.04,90.1,Pass,None,No
WHRM-01848,2026-07-21,Line A,Evening,TS-02,FW-SIM-0.3,0.28,4.26,89.1,Pass,None,No
WHRM-01849,2026-07-21,Line B,Day,TS-01,FW-SIM-0.3,2.44,3.61,93.3,Pass,None,No
WHRM-01850,2026-07-21,Line C,Day,TS-01,FW-SIM-0.3,4.14,4.42,97.6,Pass,None,No
WHRM-01851,2026-07-21,Line A,Evening,TS-02,FW-SIM-0.3,1.63,3.19,94.7,Pass,None,No
WHRM-01852,2026-07-21,Line A,Day,TS-01,FW-SIM-0.3,2.06,3.93,100.0,Pass,None,No
WHRM-01853,2026-07-21,Line C,Evening,TS-01,FW-SIM-0.3,2.36,4.39,92.1,Pass,None,No
WHRM-01854,2026-07-21,Line B,Day,TS-01,FW-SIM-0.3,2.02,4.44,84.0,Pass,None,No
WHRM-01855,2026-07-21,Line C,Day,TS-03,FW-SIM-0.3,2.7,4.44,87.9,Pass,None,No
WHRM-01856,2026-07-21,Line C,Day,TS-02,FW-SIM-0.3,4.56,3.89,83.5,Pass,None,No
WHRM-01857,2026-07-21,Line B,Day,TS-01,FW-SIM-0.3,3.99,3.62,98.8,Fail,Cosmetic defect,Yes
WHRM-01858,2026-07-21,Line A,Day,TS-03,FW-SIM-0.3,2.44,3.02,84.6,Fail,Assembly defect,Yes
WHRM-01859,2026-07-21,Line B,Day,TS-01,FW-SIM-0.3,0.86,4.74,88.3,Pass,None,No
WHRM-01860,2026-07-21,Line C,Evening,TS-02,FW-SIM-0.3,1.67,3.58,96.1,Pass,None,No
WHRM-01861,2026-07-21,Line C,Evening,TS-01,FW-SIM-0.3,2.75,3.97,86.4,Pass,None,No
WHRM-01862,2026-07-21,Line B,Evening,TS-01,FW-SIM-0.3,1.63,4.57,97.2,Pass,None,No
WHRM-01863,2026-07-21,Line C,Day,TS-02,FW-SIM-0.3,0.1,4.55,96.9,Pass,None,No
WHRM-01864,2026-07-21,Line A,Day,TS-03,FW-SIM-0.3,3.49,4.0,92.2,Pass,None,No
WHRM-01865,2026-07-21,Line C,Day,TS-03,FW-SIM-0.3,2.96,4.76,83.6,Pass,None,No
WHRM-01866,2026-07-21,Line B,Day,TS-02,FW-SIM-0.3,2.29,4.06,96.2,Pass,None,No
WHRM-01867,2026-07-22,Line C,Evening,TS-02,FW-SIM-0.3,3.05,3.36,94.7,Pass,None,No
WHRM-01868,2026-07-22,Line C,Day,TS-03,FW-SIM-0.3,1.92,3.17,88.9,Pass,None,No
WHRM-01869,2026-07-22,Line B,Evening,TS-01,FW-SIM-0.3,4.62,3.78,95.2,Pass,None,No
WHRM-01870,2026-07-22,Line B,Day,TS-02,FW-SIM-0.3,5.04,3.5,89.5,Fail,High heart-rate error,Yes
WHRM-01871,2026-07-22,Line B,Evening,TS-03,FW-SIM-0.3,2.65,4.02,82.1,Pass,None,No
WHRM-01872,2026-07-22,Line B,Day,TS-01,FW-SIM-0.3,4.13,3.87,87.2,Pass,None,No
WHRM-01873,2026-07-22,Line C,Day,TS-02,FW-SIM-0.3,1.27,4.0,91.8,Pass,None,No
WHRM-01874,2026-07-22,Line B,Day,TS-02,FW-SIM-0.3,2.77,2.68,92.2,Pass,None,No
WHRM-01875,2026-07-22,Line B,Day,TS-03,FW-SIM-0.3,4.75,3.21,79.0,Fail,Low signal quality,No
WHRM-01876,2026-07-22,Line A,Day,TS-01,FW-SIM-0.3,3.9,3.85,92.3,Pass,None,No
WHRM-01877,2026-07-22,Line B,Evening,TS-03,FW-SIM-0.3,1.76,4.38,94.1,Pass,None,No
WHRM-01878,2026-07-22,Line B,Day,TS-01,FW-SIM-0.3,2.34,4.01,88.3,Pass,None,No
WHRM-01879,2026-07-22,Line C,Day,TS-03,FW-SIM-0.3,2.39,4.53,93.4,Pass,None,No
WHRM-01880,2026-07-22,Line A,Day,TS-03,FW-SIM-0.3,2.79,3.76,80.4,Fail,Low signal quality,Yes
WHRM-01881,2026-07-22,Line C,Evening,TS-01,FW-SIM-0.3,3.99,3.38,88.7,Pass,None,No
WHRM-01882,2026-07-22,Line B,Evening,TS-02,FW-SIM-0.3,2.27,3.9,83.2,Pass,None,No
WHRM-01883,2026-07-22,Line A,Evening,TS-03,FW-SIM-0.3,3.34,5.01,83.2,Fail,Slow response time,Yes
WHRM-01884,2026-07-22,Line C,Day,TS-03,FW-SIM-0.3,3.87,4.52,91.6,Pass,None,No
WHRM-01885,2026-07-22,Line A,Day,TS-02,FW-SIM-0.3,2.38,2.88,90.2,Pass,None,No
WHRM-01886,2026-07-22,Line A,Day,TS-03,FW-SIM-0.3,2.63,4.27,79.8,Fail,Low signal quality,Yes
WHRM-01887,2026-07-22,Line B,Evening,TS-02,FW-SIM-0.3,2.8,4.67,94.3,Pass,None,No
WHRM-01888,2026-07-22,Line B,Day,TS-03,FW-SIM-0.3,2.09,4.68,92.4,Pass,None,No
WHRM-01889,2026-07-22,Line C,Day,TS-03,FW-SIM-0.3,4.1,4.21,76.7,Fail,Low signal quality,Yes
WHRM-01890,2026-07-22,Line C,Evening,TS-02,FW-SIM-0.3,4.02,3.26,85.1,Pass,None,No
WHRM-01891,2026-07-22,Line B,Evening,TS-01,FW-SIM-0.3,4.62,4.01,95.7,Pass,None,No
WHRM-01892,2026-07-22,Line A,Day,TS-01,FW-SIM-0.3,2.75,3.88,89.3,Pass,None,No
WHRM-01893,2026-07-22,Line B,Day,TS-01,FW-SIM-0.3,2.8,2.89,98.0,Pass,None,No
WHRM-01894,2026-07-22,Line A,Day,TS-01,FW-SIM-0.3,4.11,4.69,96.3,Pass,None,No
WHRM-01895,2026-07-22,Line A,Evening,TS-02,FW-SIM-0.3,2.76,3.56,93.0,Pass,None,No
WHRM-01896,2026-07-22,Line B,Evening,TS-03,FW-SIM-0.3,1.17,4.77,94.3,Pass,None,No
WHRM-01897,2026-07-22,Line B,Evening,TS-02,FW-SIM-0.3,3.78,2.96,82.7,Pass,None,No
WHRM-01898,2026-07-22,Line B,Day,TS-03,FW-SIM-0.3,1.38,3.36,91.8,Pass,None,No
WHRM-01899,2026-07-22,Line A,Evening,TS-01,FW-SIM-0.3,0.1,3.25,88.9,Pass,None,No
WHRM-01900,2026-07-22,Line B,Evening,TS-01,FW-SIM-0.3,3.24,4.73,89.8,Pass,None,No
WHRM-01901,2026-07-22,Line C,Day,TS-02,FW-SIM-0.3,1.65,3.14,85.9,Pass,None,No
WHRM-01902,2026-07-22,Line A,Evening,TS-01,FW-SIM-0.3,0.4,3.75,93.2,Pass,None,No
WHRM-01903,2026-07-22,Line A,Day,TS-02,FW-SIM-0.3,3.36,4.19,91.4,Pass,None,No
WHRM-01904,2026-07-22,Line B,Evening,TS-02,FW-SIM-0.3,3.16,3.75,80.9,Fail,Low signal quality,Yes
WHRM-01905,2026-07-22,Line B,Evening,TS-01,FW-SIM-0.3,3.14,2.83,97.6,Pass,None,No
WHRM-01906,2026-07-22,Line A,Day,TS-03,FW-SIM-0.3,3.11,4.07,87.9,Pass,None,No
WHRM-01907,2026-07-22,Line B,Day,TS-03,FW-SIM-0.3,3.45,4.46,88.2,Pass,None,No
WHRM-01908,2026-07-22,Line A,Evening,TS-02,FW-SIM-0.3,3.36,3.18,93.0,Pass,None,No
WHRM-01909,2026-07-22,Line B,Evening,TS-03,FW-SIM-0.3,3.0,4.23,91.7,Pass,None,No
WHRM-01910,2026-07-22,Line A,Evening,TS-02,FW-SIM-0.3,4.62,3.43,91.4,Pass,None,No
WHRM-01911,2026-07-22,Line B,Day,TS-01,FW-SIM-0.3,3.14,3.73,94.1,Pass,None,No
WHRM-01912,2026-07-22,Line B,Day,TS-01,FW-SIM-0.3,4.73,2.44,87.4,Pass,None,No
WHRM-01913,2026-07-22,Line B,Evening,TS-03,FW-SIM-0.3,3.18,3.55,94.6,Pass,None,No
WHRM-01914,2026-07-22,Line A,Day,TS-03,FW-SIM-0.3,0.23,4.41,85.9,Pass,None,No
WHRM-01915,2026-07-22,Line A,Day,TS-03,FW-SIM-0.3,0.34,3.06,84.9,Pass,None,No
WHRM-01916,2026-07-22,Line A,Day,TS-02,FW-SIM-0.3,3.24,2.19,97.1,Pass,None,No
WHRM-01917,2026-07-22,Line C,Day,TS-03,FW-SIM-0.3,2.11,4.49,94.8,Pass,None,No
WHRM-01918,2026-07-22,Line C,Day,TS-02,FW-SIM-0.3,1.65,3.6,99.7,Pass,None,No
WHRM-01919,2026-07-22,Line C,Day,TS-01,FW-SIM-0.3,4.65,4.67,91.9,Pass,None,No
WHRM-01920,2026-07-22,Line C,Evening,TS-02,FW-SIM-0.3,2.5,4.21,96.9,Pass,None,No
WHRM-01921,2026-07-22,Line B,Day,TS-02,FW-SIM-0.3,2.23,2.14,84.2,Pass,None,No
WHRM-01922,2026-07-22,Line A,Day,TS-02,FW-SIM-0.3,1.1,3.89,86.2,Pass,None,No
WHRM-01923,2026-07-22,Line A,Evening,TS-03,FW-SIM-0.3,2.39,2.58,93.6,Pass,None,No
WHRM-01924,2026-07-22,Line B,Evening,TS-02,FW-SIM-0.3,4.49,3.68,87.5,Pass,None,No
WHRM-01925,2026-07-22,Line C,Day,TS-01,FW-SIM-0.3,3.17,2.88,92.3,Pass,None,No
WHRM-01926,2026-07-22,Line C,Evening,TS-01,FW-SIM-0.3,0.93,3.0,93.7,Pass,None,No
WHRM-01927,2026-07-22,Line B,Day,TS-01,FW-SIM-0.3,5.07,3.61,86.5,Fail,High heart-rate error,Yes
WHRM-01928,2026-07-22,Line B,Day,TS-02,FW-SIM-0.3,3.91,4.14,93.6,Pass,None,No
WHRM-01929,2026-07-22,Line A,Day,TS-02,FW-SIM-0.3,2.56,3.31,100.0,Pass,None,No
WHRM-01930,2026-07-22,Line C,Evening,TS-02,FW-SIM-0.3,2.85,3.41,93.9,Pass,None,No
WHRM-01931,2026-07-22,Line C,Evening,TS-03,FW-SIM-0.3,0.29,4.3,94.9,Pass,None,No
WHRM-01932,2026-07-22,Line C,Evening,TS-03,FW-SIM-0.3,3.94,4.32,84.5,Pass,None,No
WHRM-01933,2026-07-22,Line A,Evening,TS-03,FW-SIM-0.3,5.18,4.68,87.9,Fail,High heart-rate error,Yes
WHRM-01934,2026-07-22,Line C,Day,TS-03,FW-SIM-0.3,2.71,4.49,87.3,Pass,None,No
WHRM-01935,2026-07-22,Line C,Day,TS-02,FW-SIM-0.3,3.53,4.15,97.4,Pass,None,No
WHRM-01936,2026-07-22,Line A,Evening,TS-01,FW-SIM-0.3,3.5,4.45,79.3,Fail,Low signal quality,Yes
WHRM-01937,2026-07-22,Line C,Evening,TS-01,FW-SIM-0.3,2.73,4.24,84.8,Pass,None,No
WHRM-01938,2026-07-22,Line A,Day,TS-01,FW-SIM-0.3,1.33,3.85,89.8,Pass,None,No
WHRM-01939,2026-07-22,Line A,Evening,TS-01,FW-SIM-0.3,6.03,4.6,92.0,Fail,High heart-rate error,Yes
WHRM-01940,2026-07-22,Line B,Day,TS-03,FW-SIM-0.3,3.33,4.05,90.4,Fail,Assembly defect,Yes
WHRM-01941,2026-07-22,Line A,Day,TS-03,FW-SIM-0.3,2.91,4.41,83.2,Pass,None,No
WHRM-01942,2026-07-22,Line B,Evening,TS-03,FW-SIM-0.3,1.39,4.55,97.9,Pass,None,No
WHRM-01943,2026-07-22,Line A,Day,TS-01,FW-SIM-0.3,2.5,3.71,82.2,Pass,None,No
WHRM-01944,2026-07-22,Line A,Evening,TS-03,FW-SIM-0.3,2.17,4.24,80.0,Fail,Low signal quality,No
WHRM-01945,2026-07-22,Line A,Day,TS-03,FW-SIM-0.3,3.14,3.74,80.4,Fail,Cosmetic defect,Yes
WHRM-01946,2026-07-22,Line A,Evening,TS-02,FW-SIM-0.3,2.36,2.31,85.0,Pass,None,No
WHRM-01947,2026-07-22,Line A,Evening,TS-01,FW-SIM-0.3,3.25,2.86,91.7,Pass,None,No
WHRM-01948,2026-07-22,Line A,Day,TS-02,FW-SIM-0.3,2.51,3.75,96.1,Pass,None,No
WHRM-01949,2026-07-22,Line B,Day,TS-02,FW-SIM-0.3,2.09,4.58,96.2,Pass,None,No
WHRM-01950,2026-07-22,Line A,Day,TS-01,FW-SIM-0.3,2.55,4.12,89.6,Pass,None,No
WHRM-01951,2026-07-22,Line A,Evening,TS-03,FW-SIM-0.3,2.68,3.46,82.2,Pass,None,No
WHRM-01952,2026-07-22,Line B,Day,TS-01,FW-SIM-0.3,2.16,4.18,90.0,Pass,None,No
WHRM-01953,2026-07-22,Line A,Day,TS-03,FW-SIM-0.3,3.41,3.89,91.5,Pass,None,No
WHRM-01954,2026-07-22,Line B,Day,TS-01,FW-SIM-0.3,4.41,3.44,89.5,Pass,None,No
WHRM-01955,2026-07-22,Line B,Evening,TS-02,FW-SIM-0.3,2.84,3.05,99.4,Pass,None,No
WHRM-01956,2026-07-23,Line A,Day,TS-03,FW-SIM-0.3,0.74,4.53,83.9,Pass,None,No
WHRM-01957,2026-07-23,Line B,Day,TS-03,FW-SIM-0.3,0.2,3.1,95.0,Pass,None,No
WHRM-01958,2026-07-23,Line A,Day,TS-01,FW-SIM-0.3,2.29,4.15,97.7,Pass,None,No
WHRM-01959,2026-07-23,Line B,Day,TS-01,FW-SIM-0.3,4.06,2.91,76.4,Fail,Assembly defect,No
WHRM-01960,2026-07-23,Line C,Evening,TS-03,FW-SIM-0.3,3.67,4.2,85.6,Pass,None,No
WHRM-01961,2026-07-23,Line C,Day,TS-02,FW-SIM-0.3,4.06,4.29,93.6,Pass,None,No
WHRM-01962,2026-07-23,Line A,Evening,TS-01,FW-SIM-0.3,2.19,3.56,86.8,Pass,None,No
WHRM-01963,2026-07-23,Line B,Evening,TS-02,FW-SIM-0.3,5.51,3.63,89.3,Fail,High heart-rate error,Yes
WHRM-01964,2026-07-23,Line A,Day,TS-02,FW-SIM-0.3,1.28,3.64,88.5,Pass,None,No
WHRM-01965,2026-07-23,Line A,Day,TS-01,FW-SIM-0.3,4.53,3.65,95.3,Pass,None,No
WHRM-01966,2026-07-23,Line A,Day,TS-01,FW-SIM-0.3,3.78,3.55,84.2,Pass,None,No
WHRM-01967,2026-07-23,Line C,Day,TS-01,FW-SIM-0.3,4.16,3.64,93.0,Pass,None,No
WHRM-01968,2026-07-23,Line C,Day,TS-01,FW-SIM-0.3,4.08,3.85,85.0,Pass,None,No
WHRM-01969,2026-07-23,Line C,Day,TS-02,FW-SIM-0.3,1.94,3.17,82.7,Pass,None,No
WHRM-01970,2026-07-23,Line A,Evening,TS-03,FW-SIM-0.3,2.26,4.89,87.1,Pass,None,No
WHRM-01971,2026-07-23,Line C,Day,TS-02,FW-SIM-0.3,2.79,4.98,97.4,Pass,None,No
WHRM-01972,2026-07-23,Line B,Evening,TS-03,FW-SIM-0.3,5.65,5.36,83.5,Fail,High heart-rate error,Yes
WHRM-01973,2026-07-23,Line C,Day,TS-01,FW-SIM-0.3,1.37,3.67,100.0,Pass,None,No
WHRM-01974,2026-07-23,Line A,Evening,TS-02,FW-SIM-0.3,1.34,4.38,93.8,Pass,None,No
WHRM-01975,2026-07-23,Line A,Evening,TS-01,FW-SIM-0.3,4.49,3.16,81.3,Fail,Low signal quality,Yes
WHRM-01976,2026-07-23,Line A,Day,TS-02,FW-SIM-0.3,2.29,4.19,84.0,Pass,None,No
WHRM-01977,2026-07-23,Line B,Day,TS-02,FW-SIM-0.3,4.26,3.43,90.2,Pass,None,No
WHRM-01978,2026-07-23,Line C,Evening,TS-02,FW-SIM-0.3,3.93,5.28,88.2,Fail,Slow response time,Yes
WHRM-01979,2026-07-23,Line B,Day,TS-01,FW-SIM-0.3,2.36,3.36,84.7,Pass,None,No
WHRM-01980,2026-07-23,Line B,Day,TS-02,FW-SIM-0.3,1.94,3.65,99.7,Pass,None,No
WHRM-01981,2026-07-23,Line A,Day,TS-01,FW-SIM-0.3,2.89,4.5,85.1,Pass,None,No
WHRM-01982,2026-07-23,Line B,Evening,TS-03,FW-SIM-0.3,2.94,4.32,81.7,Fail,Low signal quality,No
WHRM-01983,2026-07-23,Line A,Evening,TS-03,FW-SIM-0.3,2.09,3.77,89.9,Pass,None,No
WHRM-01984,2026-07-23,Line C,Evening,TS-01,FW-SIM-0.3,2.07,3.93,86.9,Pass,None,No
WHRM-01985,2026-07-23,Line B,Day,TS-01,FW-SIM-0.3,2.1,3.42,95.0,Pass,None,No
WHRM-01986,2026-07-23,Line C,Evening,TS-03,FW-SIM-0.3,0.92,3.08,88.3,Pass,None,No
WHRM-01987,2026-07-23,Line A,Day,TS-03,FW-SIM-0.3,2.13,4.53,92.1,Pass,None,No
WHRM-01988,2026-07-23,Line A,Day,TS-03,FW-SIM-0.3,2.34,4.36,93.6,Pass,None,No
WHRM-01989,2026-07-23,Line C,Evening,TS-02,FW-SIM-0.3,2.66,3.68,91.5,Pass,None,No
WHRM-01990,2026-07-23,Line A,Day,TS-01,FW-SIM-0.3,2.2,4.0,91.1,Pass,None,No
WHRM-01991,2026-07-23,Line B,Day,TS-03,FW-SIM-0.3,2.05,4.24,100.0,Pass,None,No
WHRM-01992,2026-07-23,Line A,Day,TS-03,FW-SIM-0.3,4.08,4.46,92.6,Pass,None,No
WHRM-01993,2026-07-23,Line A,Day,TS-02,FW-SIM-0.3,1.31,4.23,93.4,Pass,None,No
WHRM-01994,2026-07-23,Line C,Evening,TS-03,FW-SIM-0.3,0.1,3.33,90.9,Pass,None,No
WHRM-01995,2026-07-23,Line C,Evening,TS-01,FW-SIM-0.3,3.42,4.01,88.6,Pass,None,No
WHRM-01996,2026-07-23,Line B,Day,TS-01,FW-SIM-0.3,3.62,3.13,90.3,Pass,None,No
WHRM-01997,2026-07-23,Line B,Day,TS-03,FW-SIM-0.3,2.72,4.17,81.4,Fail,Low signal quality,No
WHRM-01998,2026-07-23,Line A,Day,TS-02,FW-SIM-0.3,4.07,4.08,95.4,Pass,None,No
WHRM-01999,2026-07-23,Line B,Evening,TS-02,FW-SIM-0.3,0.38,3.19,80.5,Fail,Low signal quality,Yes
WHRM-02000,2026-07-23,Line B,Evening,TS-02,FW-SIM-0.3,2.5,4.28,90.1,Pass,None,No
WHRM-02001,2026-07-23,Line B,Evening,TS-03,FW-SIM-0.3,4.0,3.21,89.3,Pass,None,No
WHRM-02002,2026-07-23,Line A,Day,TS-03,FW-SIM-0.3,1.99,3.33,90.5,Pass,None,No
WHRM-02003,2026-07-23,Line A,Day,TS-03,FW-SIM-0.3,1.22,2.74,91.5,Pass,None,No
WHRM-02004,2026-07-23,Line C,Day,TS-01,FW-SIM-0.3,4.6,4.19,83.3,Pass,None,No
WHRM-02005,2026-07-23,Line B,Evening,TS-02,FW-SIM-0.3,4.84,4.62,91.0,Pass,None,No
WHRM-02006,2026-07-23,Line A,Day,TS-03,FW-SIM-0.3,0.83,3.31,89.1,Pass,None,No
WHRM-02007,2026-07-23,Line C,Evening,TS-02,FW-SIM-0.3,0.1,4.29,90.9,Pass,None,No
WHRM-02008,2026-07-23,Line C,Evening,TS-03,FW-SIM-0.3,0.62,4.06,87.7,Pass,None,No
WHRM-02009,2026-07-23,Line A,Day,TS-02,FW-SIM-0.3,3.33,3.4,84.5,Pass,None,No
WHRM-02010,2026-07-23,Line C,Day,TS-01,FW-SIM-0.3,2.78,4.03,96.0,Pass,None,No
WHRM-02011,2026-07-23,Line C,Day,TS-02,FW-SIM-0.3,2.94,4.28,94.1,Pass,None,No
WHRM-02012,2026-07-23,Line A,Evening,TS-02,FW-SIM-0.3,0.57,4.04,83.5,Pass,None,No
WHRM-02013,2026-07-23,Line A,Day,TS-01,FW-SIM-0.3,2.6,3.71,100.0,Pass,None,No
WHRM-02014,2026-07-23,Line A,Day,TS-02,FW-SIM-0.3,2.78,3.43,91.9,Fail,Assembly defect,No
WHRM-02015,2026-07-23,Line B,Day,TS-03,FW-SIM-0.3,4.02,4.34,96.0,Pass,None,No
WHRM-02016,2026-07-23,Line C,Day,TS-01,FW-SIM-0.3,3.84,3.17,88.6,Pass,None,No
WHRM-02017,2026-07-23,Line A,Day,TS-02,FW-SIM-0.3,3.39,2.01,92.7,Pass,None,No
WHRM-02018,2026-07-23,Line C,Day,TS-01,FW-SIM-0.3,3.45,3.3,84.8,Pass,None,No
WHRM-02019,2026-07-23,Line B,Evening,TS-01,FW-SIM-0.3,2.71,4.73,99.8,Pass,None,No
WHRM-02020,2026-07-23,Line B,Day,TS-02,FW-SIM-0.3,0.1,3.94,94.5,Pass,None,No
WHRM-02021,2026-07-23,Line C,Day,TS-01,FW-SIM-0.3,2.9,2.71,85.9,Pass,None,No
WHRM-02022,2026-07-23,Line B,Evening,TS-02,FW-SIM-0.3,2.03,4.69,100.0,Pass,None,No
WHRM-02023,2026-07-23,Line A,Day,TS-01,FW-SIM-0.3,1.8,4.78,95.3,Pass,None,No
WHRM-02024,2026-07-23,Line B,Day,TS-01,FW-SIM-0.3,3.74,2.68,95.4,Pass,None,No
WHRM-02025,2026-07-23,Line C,Day,TS-01,FW-SIM-0.3,3.61,4.21,87.0,Pass,None,No
WHRM-02026,2026-07-23,Line A,Evening,TS-02,FW-SIM-0.3,3.34,3.59,98.8,Pass,None,No
WHRM-02027,2026-07-23,Line C,Day,TS-02,FW-SIM-0.3,0.33,4.98,96.8,Pass,None,No
WHRM-02028,2026-07-23,Line B,Day,TS-02,FW-SIM-0.3,2.16,3.46,90.8,Pass,None,No
WHRM-02029,2026-07-23,Line A,Evening,TS-01,FW-SIM-0.3,0.71,2.99,89.2,Pass,None,No
WHRM-02030,2026-07-23,Line A,Evening,TS-01,FW-SIM-0.3,3.1,2.78,88.1,Pass,None,No
WHRM-02031,2026-07-23,Line B,Day,TS-03,FW-SIM-0.3,3.08,3.68,86.6,Pass,None,No
WHRM-02032,2026-07-23,Line B,Day,TS-01,FW-SIM-0.3,3.28,3.34,97.6,Pass,None,No
WHRM-02033,2026-07-23,Line B,Day,TS-02,FW-SIM-0.3,1.23,3.33,88.7,Pass,None,No
WHRM-02034,2026-07-23,Line C,Evening,TS-01,FW-SIM-0.3,2.08,4.14,93.7,Pass,None,No
WHRM-02035,2026-07-23,Line A,Day,TS-02,FW-SIM-0.3,0.46,3.98,87.6,Pass,None,No
WHRM-02036,2026-07-23,Line B,Day,TS-03,FW-SIM-0.3,2.83,2.6,87.2,Pass,None,No
WHRM-02037,2026-07-23,Line C,Day,TS-01,FW-SIM-0.3,3.89,4.56,85.1,Fail,Cosmetic defect,Yes
WHRM-02038,2026-07-23,Line B,Day,TS-01,FW-SIM-0.3,2.47,3.6,94.5,Pass,None,No
WHRM-02039,2026-07-23,Line B,Evening,TS-02,FW-SIM-0.3,2.32,4.27,88.6,Pass,None,No
WHRM-02040,2026-07-23,Line A,Evening,TS-03,FW-SIM-0.3,1.54,3.72,77.0,Fail,Low signal quality,No
WHRM-02041,2026-07-23,Line A,Day,TS-02,FW-SIM-0.3,3.25,4.46,88.8,Pass,None,No
WHRM-02042,2026-07-23,Line B,Day,TS-02,FW-SIM-0.3,3.21,2.94,85.5,Pass,None,No
WHRM-02043,2026-07-23,Line B,Day,TS-03,FW-SIM-0.3,2.75,3.35,85.8,Pass,None,No
WHRM-02044,2026-07-23,Line B,Evening,TS-02,FW-SIM-0.3,1.24,4.3,96.5,Pass,None,No
WHRM-02045,2026-07-24,Line B,Evening,TS-01,FW-SIM-0.3,3.91,4.09,95.4,Pass,None,No
WHRM-02046,2026-07-24,Line C,Evening,TS-03,FW-SIM-0.3,3.85,3.84,89.9,Pass,None,No
WHRM-02047,2026-07-24,Line B,Evening,TS-02,FW-SIM-0.3,2.22,4.12,93.3,Pass,None,No
WHRM-02048,2026-07-24,Line A,Day,TS-02,FW-SIM-0.3,1.02,4.32,91.9,Pass,None,No
WHRM-02049,2026-07-24,Line B,Day,TS-03,FW-SIM-0.3,6.11,4.27,83.9,Fail,High heart-rate error,No
WHRM-02050,2026-07-24,Line B,Evening,TS-01,FW-SIM-0.3,2.8,4.11,88.9,Pass,None,No
WHRM-02051,2026-07-24,Line C,Day,TS-02,FW-SIM-0.3,2.08,2.91,95.3,Pass,None,No
WHRM-02052,2026-07-24,Line A,Day,TS-01,FW-SIM-0.3,3.0,4.21,89.2,Pass,None,No
WHRM-02053,2026-07-24,Line C,Day,TS-02,FW-SIM-0.3,2.28,3.36,90.6,Pass,None,No
WHRM-02054,2026-07-24,Line C,Day,TS-01,FW-SIM-0.3,3.4,4.57,95.8,Pass,None,No
WHRM-02055,2026-07-24,Line B,Evening,TS-01,FW-SIM-0.3,2.35,4.67,92.0,Pass,None,No
WHRM-02056,2026-07-24,Line A,Evening,TS-02,FW-SIM-0.3,3.88,3.71,87.7,Pass,None,No
WHRM-02057,2026-07-24,Line A,Day,TS-02,FW-SIM-0.3,3.28,3.95,96.6,Pass,None,No
WHRM-02058,2026-07-24,Line B,Day,TS-02,FW-SIM-0.3,3.6,3.83,93.2,Pass,None,No
WHRM-02059,2026-07-24,Line B,Day,TS-02,FW-SIM-0.3,4.31,3.12,95.2,Pass,None,No
WHRM-02060,2026-07-24,Line B,Day,TS-03,FW-SIM-0.3,2.78,4.24,80.8,Fail,Low signal quality,No
WHRM-02061,2026-07-24,Line A,Day,TS-01,FW-SIM-0.3,0.32,3.74,91.9,Pass,None,No
WHRM-02062,2026-07-24,Line B,Day,TS-01,FW-SIM-0.3,3.21,4.04,89.2,Pass,None,No
WHRM-02063,2026-07-24,Line A,Evening,TS-01,FW-SIM-0.3,1.4,2.55,99.6,Pass,None,No
WHRM-02064,2026-07-24,Line A,Day,TS-03,FW-SIM-0.3,2.19,4.07,84.9,Pass,None,No
WHRM-02065,2026-07-24,Line A,Evening,TS-01,FW-SIM-0.3,3.78,5.13,91.3,Fail,Slow response time,Yes
WHRM-02066,2026-07-24,Line C,Evening,TS-02,FW-SIM-0.3,2.49,4.05,92.8,Pass,None,No
WHRM-02067,2026-07-24,Line C,Evening,TS-02,FW-SIM-0.3,2.86,4.28,96.1,Pass,None,No
WHRM-02068,2026-07-24,Line C,Evening,TS-02,FW-SIM-0.3,1.68,4.26,88.9,Pass,None,No
WHRM-02069,2026-07-24,Line A,Day,TS-01,FW-SIM-0.3,1.82,3.45,93.9,Pass,None,No
WHRM-02070,2026-07-24,Line A,Evening,TS-01,FW-SIM-0.3,3.05,3.68,92.3,Pass,None,No
WHRM-02071,2026-07-24,Line C,Evening,TS-03,FW-SIM-0.3,1.79,4.17,80.3,Fail,Low signal quality,No
WHRM-02072,2026-07-24,Line B,Day,TS-01,FW-SIM-0.3,3.05,3.92,95.7,Pass,None,No
WHRM-02073,2026-07-24,Line C,Day,TS-01,FW-SIM-0.3,0.44,3.53,97.5,Pass,None,No
WHRM-02074,2026-07-24,Line B,Day,TS-02,FW-SIM-0.3,3.9,4.39,92.3,Pass,None,No
WHRM-02075,2026-07-24,Line B,Day,TS-02,FW-SIM-0.3,1.81,4.27,87.0,Pass,None,No
WHRM-02076,2026-07-24,Line A,Day,TS-01,FW-SIM-0.3,4.88,3.33,93.3,Pass,None,No
WHRM-02077,2026-07-24,Line A,Day,TS-02,FW-SIM-0.3,1.94,3.37,99.6,Pass,None,No
WHRM-02078,2026-07-24,Line C,Day,TS-01,FW-SIM-0.3,3.09,3.67,89.3,Pass,None,No
WHRM-02079,2026-07-24,Line B,Day,TS-01,FW-SIM-0.3,2.32,3.77,90.2,Pass,None,No
WHRM-02080,2026-07-24,Line A,Day,TS-03,FW-SIM-0.3,3.94,4.09,85.6,Pass,None,No
WHRM-02081,2026-07-24,Line B,Day,TS-02,FW-SIM-0.3,3.2,4.53,89.8,Pass,None,No
WHRM-02082,2026-07-24,Line B,Evening,TS-01,FW-SIM-0.3,3.59,4.68,95.2,Pass,None,No
WHRM-02083,2026-07-24,Line A,Day,TS-03,FW-SIM-0.3,0.8,4.5,92.8,Pass,None,No
WHRM-02084,2026-07-24,Line B,Day,TS-02,FW-SIM-0.3,2.14,3.61,89.7,Fail,Cosmetic defect,Yes
WHRM-02085,2026-07-24,Line A,Day,TS-02,FW-SIM-0.3,2.47,5.4,80.3,Fail,Slow response time,Yes
WHRM-02086,2026-07-24,Line A,Evening,TS-01,FW-SIM-0.3,3.77,4.65,82.2,Pass,None,No
WHRM-02087,2026-07-24,Line B,Day,TS-01,FW-SIM-0.3,0.54,3.91,100.0,Pass,None,No
WHRM-02088,2026-07-24,Line A,Day,TS-02,FW-SIM-0.3,2.09,3.59,83.8,Pass,None,No
WHRM-02089,2026-07-24,Line A,Evening,TS-03,FW-SIM-0.3,0.86,4.57,84.2,Pass,None,No
WHRM-02090,2026-07-24,Line C,Evening,TS-02,FW-SIM-0.3,3.98,3.41,93.4,Pass,None,No
WHRM-02091,2026-07-24,Line B,Day,TS-02,FW-SIM-0.3,2.29,3.23,94.6,Pass,None,No
WHRM-02092,2026-07-24,Line A,Day,TS-03,FW-SIM-0.3,2.89,3.04,92.5,Pass,None,No
WHRM-02093,2026-07-24,Line A,Evening,TS-01,FW-SIM-0.3,0.1,3.86,91.0,Fail,Assembly defect,Yes
WHRM-02094,2026-07-24,Line C,Day,TS-03,FW-SIM-0.3,4.43,2.4,87.1,Pass,None,No
WHRM-02095,2026-07-24,Line C,Day,TS-02,FW-SIM-0.3,1.22,3.08,93.7,Pass,None,No
WHRM-02096,2026-07-24,Line B,Evening,TS-01,FW-SIM-0.3,2.93,4.81,93.4,Pass,None,No
WHRM-02097,2026-07-24,Line A,Evening,TS-02,FW-SIM-0.3,2.37,3.68,92.5,Pass,None,No
WHRM-02098,2026-07-24,Line B,Evening,TS-01,FW-SIM-0.3,1.96,4.09,88.1,Pass,None,No
WHRM-02099,2026-07-24,Line A,Evening,TS-03,FW-SIM-0.3,1.75,4.0,91.8,Pass,None,No
WHRM-02100,2026-07-24,Line B,Day,TS-02,FW-SIM-0.3,2.07,2.72,88.4,Pass,None,No
WHRM-02101,2026-07-24,Line C,Day,TS-03,FW-SIM-0.3,1.74,4.04,85.6,Pass,None,No
WHRM-02102,2026-07-24,Line A,Evening,TS-01,FW-SIM-0.3,1.56,3.73,92.6,Pass,None,No
WHRM-02103,2026-07-24,Line A,Day,TS-02,FW-SIM-0.3,0.48,4.93,86.6,Pass,None,No
WHRM-02104,2026-07-24,Line A,Day,TS-01,FW-SIM-0.3,4.44,3.84,99.4,Pass,None,No
WHRM-02105,2026-07-24,Line B,Evening,TS-01,FW-SIM-0.3,1.98,2.94,99.5,Pass,None,No
WHRM-02106,2026-07-24,Line A,Evening,TS-01,FW-SIM-0.3,2.23,3.04,100.0,Pass,None,No
WHRM-02107,2026-07-24,Line B,Evening,TS-01,FW-SIM-0.3,1.87,3.95,83.7,Pass,None,No
WHRM-02108,2026-07-24,Line A,Day,TS-01,FW-SIM-0.3,2.61,3.56,91.3,Pass,None,No
WHRM-02109,2026-07-24,Line A,Day,TS-03,FW-SIM-0.3,1.58,3.85,80.9,Fail,Low signal quality,Yes
WHRM-02110,2026-07-24,Line B,Day,TS-02,FW-SIM-0.3,2.91,4.4,94.7,Pass,None,No
WHRM-02111,2026-07-24,Line B,Evening,TS-02,FW-SIM-0.3,2.45,4.17,88.5,Pass,None,No
WHRM-02112,2026-07-24,Line A,Evening,TS-02,FW-SIM-0.3,3.76,4.03,94.0,Pass,None,No
WHRM-02113,2026-07-24,Line A,Evening,TS-02,FW-SIM-0.3,2.09,4.63,90.3,Pass,None,No
WHRM-02114,2026-07-24,Line C,Day,TS-01,FW-SIM-0.3,0.24,5.24,91.9,Fail,Slow response time,Yes
WHRM-02115,2026-07-24,Line A,Evening,TS-01,FW-SIM-0.3,2.59,4.16,95.5,Pass,None,No
WHRM-02116,2026-07-24,Line B,Day,TS-01,FW-SIM-0.3,0.58,4.31,94.1,Pass,None,No
WHRM-02117,2026-07-24,Line C,Day,TS-03,FW-SIM-0.3,0.58,4.15,91.9,Pass,None,No
WHRM-02118,2026-07-24,Line B,Evening,TS-01,FW-SIM-0.3,1.86,3.16,98.3,Pass,None,No
WHRM-02119,2026-07-24,Line B,Day,TS-02,FW-SIM-0.3,4.56,4.32,99.4,Pass,None,No
WHRM-02120,2026-07-24,Line C,Day,TS-01,FW-SIM-0.3,2.81,3.6,95.4,Pass,None,No
WHRM-02121,2026-07-24,Line C,Day,TS-03,FW-SIM-0.3,0.3,2.7,93.3,Pass,None,No
WHRM-02122,2026-07-24,Line A,Evening,TS-01,FW-SIM-0.3,3.13,3.88,95.1,Pass,None,No
WHRM-02123,2026-07-24,Line B,Day,TS-01,FW-SIM-0.3,2.81,3.6,93.7,Pass,None,No
WHRM-02124,2026-07-24,Line A,Day,TS-01,FW-SIM-0.3,2.62,3.72,90.2,Pass,None,No
WHRM-02125,2026-07-24,Line B,Day,TS-03,FW-SIM-0.3,1.95,3.81,90.1,Pass,None,No
WHRM-02126,2026-07-24,Line C,Evening,TS-01,FW-SIM-0.3,3.61,4.98,87.7,Pass,None,No
WHRM-02127,2026-07-24,Line A,Day,TS-01,FW-SIM-0.3,1.71,2.88,96.3,Pass,None,No
WHRM-02128,2026-07-24,Line C,Day,TS-03,FW-SIM-0.3,0.92,3.73,100.0,Pass,None,No
WHRM-02129,2026-07-24,Line B,Day,TS-01,FW-SIM-0.3,0.1,4.2,96.6,Pass,None,No
WHRM-02130,2026-07-24,Line B,Day,TS-01,FW-SIM-0.3,3.55,3.94,98.9,Pass,None,No
WHRM-02131,2026-07-24,Line B,Evening,TS-03,FW-SIM-0.3,4.59,2.97,82.8,Pass,None,No
WHRM-02132,2026-07-24,Line B,Day,TS-01,FW-SIM-0.3,2.21,3.6,92.7,Pass,None,No
WHRM-02133,2026-07-24,Line A,Evening,TS-01,FW-SIM-0.3,3.09,3.68,83.1,Pass,None,No
WHRM-02134,2026-07-25,Line A,Day,TS-02,FW-SIM-0.3,3.07,4.73,95.5,Pass,None,No
WHRM-02135,2026-07-25,Line C,Evening,TS-03,FW-SIM-0.3,0.74,4.47,93.5,Pass,None,No
WHRM-02136,2026-07-25,Line C,Evening,TS-02,FW-SIM-0.3,2.49,2.88,92.2,Pass,None,No
WHRM-02137,2026-07-25,Line B,Evening,TS-03,FW-SIM-0.3,2.73,3.32,81.0,Fail,Low signal quality,Yes
WHRM-02138,2026-07-25,Line C,Evening,TS-02,FW-SIM-0.3,3.18,3.21,87.9,Pass,None,No
WHRM-02139,2026-07-25,Line A,Evening,TS-01,FW-SIM-0.3,3.56,3.56,89.1,Pass,None,No
WHRM-02140,2026-07-25,Line A,Day,TS-01,FW-SIM-0.3,5.47,4.01,93.7,Fail,High heart-rate error,No
WHRM-02141,2026-07-25,Line B,Day,TS-02,FW-SIM-0.3,1.15,3.94,91.4,Pass,None,No
WHRM-02142,2026-07-25,Line A,Evening,TS-01,FW-SIM-0.3,4.98,2.72,100.0,Pass,None,No
WHRM-02143,2026-07-25,Line C,Day,TS-02,FW-SIM-0.3,2.5,5.03,89.2,Fail,Slow response time,No
WHRM-02144,2026-07-25,Line B,Day,TS-01,FW-SIM-0.3,1.81,3.86,98.3,Pass,None,No
WHRM-02145,2026-07-25,Line C,Evening,TS-03,FW-SIM-0.3,2.92,4.36,80.5,Fail,Assembly defect,Yes
WHRM-02146,2026-07-25,Line A,Day,TS-01,FW-SIM-0.3,3.57,3.5,95.4,Pass,None,No
WHRM-02147,2026-07-25,Line B,Day,TS-01,FW-SIM-0.3,2.76,3.35,91.2,Pass,None,No
WHRM-02148,2026-07-25,Line B,Day,TS-02,FW-SIM-0.3,2.87,3.12,99.6,Pass,None,No
WHRM-02149,2026-07-25,Line B,Evening,TS-03,FW-SIM-0.3,1.35,3.03,93.2,Pass,None,No
WHRM-02150,2026-07-25,Line C,Day,TS-02,FW-SIM-0.3,2.61,4.83,93.2,Pass,None,No
WHRM-02151,2026-07-25,Line B,Evening,TS-02,FW-SIM-0.3,0.1,4.26,95.1,Pass,None,No
WHRM-02152,2026-07-25,Line A,Evening,TS-01,FW-SIM-0.3,2.92,4.3,94.3,Pass,None,No
WHRM-02153,2026-07-25,Line C,Evening,TS-01,FW-SIM-0.3,3.03,3.75,92.9,Fail,Cosmetic defect,Yes
WHRM-02154,2026-07-25,Line A,Evening,TS-02,FW-SIM-0.3,2.42,3.41,85.1,Pass,None,No
WHRM-02155,2026-07-25,Line A,Day,TS-01,FW-SIM-0.3,1.02,4.58,92.1,Pass,None,No
WHRM-02156,2026-07-25,Line B,Evening,TS-01,FW-SIM-0.3,0.53,3.4,93.5,Pass,None,No
WHRM-02157,2026-07-25,Line B,Day,TS-01,FW-SIM-0.3,4.47,2.51,99.6,Pass,None,No
WHRM-02158,2026-07-25,Line B,Day,TS-01,FW-SIM-0.3,0.71,3.3,92.7,Pass,None,No
WHRM-02159,2026-07-25,Line A,Day,TS-01,FW-SIM-0.3,2.65,3.52,93.2,Fail,Assembly defect,Yes
WHRM-02160,2026-07-25,Line C,Day,TS-02,FW-SIM-0.3,1.55,3.62,100.0,Pass,None,No
WHRM-02161,2026-07-25,Line C,Day,TS-01,FW-SIM-0.3,0.64,4.68,85.1,Pass,None,No
WHRM-02162,2026-07-25,Line B,Day,TS-02,FW-SIM-0.3,2.6,4.49,88.1,Pass,None,No
WHRM-02163,2026-07-25,Line A,Evening,TS-02,FW-SIM-0.3,2.56,3.58,90.9,Pass,None,No
WHRM-02164,2026-07-25,Line B,Day,TS-02,FW-SIM-0.3,3.08,3.35,96.7,Pass,None,No
WHRM-02165,2026-07-25,Line A,Day,TS-02,FW-SIM-0.3,3.54,3.28,97.1,Pass,None,No
WHRM-02166,2026-07-25,Line B,Day,TS-01,FW-SIM-0.3,3.97,3.26,86.4,Pass,None,No
WHRM-02167,2026-07-25,Line A,Evening,TS-03,FW-SIM-0.3,3.23,3.92,89.0,Pass,None,No
WHRM-02168,2026-07-25,Line C,Day,TS-01,FW-SIM-0.3,0.13,4.47,91.1,Pass,None,No
WHRM-02169,2026-07-25,Line C,Day,TS-03,FW-SIM-0.3,3.63,4.25,89.6,Pass,None,No
WHRM-02170,2026-07-25,Line B,Evening,TS-03,FW-SIM-0.3,4.2,4.22,82.9,Pass,None,No
WHRM-02171,2026-07-25,Line C,Day,TS-02,FW-SIM-0.3,1.97,4.55,92.0,Fail,Assembly defect,Yes
WHRM-02172,2026-07-25,Line B,Evening,TS-02,FW-SIM-0.3,3.35,4.28,80.1,Fail,Low signal quality,Yes
WHRM-02173,2026-07-25,Line A,Evening,TS-01,FW-SIM-0.3,1.81,4.62,95.1,Pass,None,No
WHRM-02174,2026-07-25,Line A,Day,TS-01,FW-SIM-0.3,1.23,2.95,98.2,Pass,None,No
WHRM-02175,2026-07-25,Line C,Day,TS-01,FW-SIM-0.3,2.2,2.79,100.0,Pass,None,No
WHRM-02176,2026-07-25,Line B,Evening,TS-01,FW-SIM-0.3,2.8,4.74,92.1,Pass,None,No
WHRM-02177,2026-07-25,Line B,Day,TS-01,FW-SIM-0.3,0.1,4.23,94.8,Pass,None,No
WHRM-02178,2026-07-25,Line B,Day,TS-01,FW-SIM-0.3,1.71,2.97,93.1,Pass,None,No
WHRM-02179,2026-07-25,Line B,Day,TS-02,FW-SIM-0.3,4.24,4.05,83.4,Pass,None,No
WHRM-02180,2026-07-25,Line A,Day,TS-01,FW-SIM-0.3,3.26,4.51,87.1,Pass,None,No
WHRM-02181,2026-07-25,Line A,Day,TS-02,FW-SIM-0.3,2.43,4.58,86.2,Pass,None,No
WHRM-02182,2026-07-25,Line B,Day,TS-03,FW-SIM-0.3,2.94,3.49,89.5,Pass,None,No
WHRM-02183,2026-07-25,Line A,Day,TS-03,FW-SIM-0.3,3.82,4.32,94.8,Pass,None,No
WHRM-02184,2026-07-25,Line A,Evening,TS-03,FW-SIM-0.3,1.5,3.86,88.5,Pass,None,No
WHRM-02185,2026-07-25,Line A,Day,TS-03,FW-SIM-0.3,2.83,4.42,80.9,Fail,Low signal quality,Yes
WHRM-02186,2026-07-25,Line A,Day,TS-02,FW-SIM-0.3,1.23,3.3,94.2,Pass,None,No
WHRM-02187,2026-07-25,Line C,Evening,TS-02,FW-SIM-0.3,1.21,3.55,98.9,Pass,None,No
WHRM-02188,2026-07-25,Line B,Day,TS-02,FW-SIM-0.3,2.7,3.88,85.3,Pass,None,No
WHRM-02189,2026-07-25,Line B,Evening,TS-01,FW-SIM-0.3,1.84,4.4,90.7,Pass,None,No
WHRM-02190,2026-07-25,Line B,Evening,TS-03,FW-SIM-0.3,2.48,3.63,94.0,Pass,None,No
WHRM-02191,2026-07-25,Line A,Day,TS-02,FW-SIM-0.3,2.55,3.49,98.9,Pass,None,No
WHRM-02192,2026-07-25,Line A,Evening,TS-01,FW-SIM-0.3,2.34,3.82,98.7,Pass,None,No
WHRM-02193,2026-07-25,Line B,Day,TS-02,FW-SIM-0.3,5.42,3.78,84.9,Fail,High heart-rate error,Yes
WHRM-02194,2026-07-25,Line A,Day,TS-02,FW-SIM-0.3,3.39,3.14,92.6,Pass,None,No
WHRM-02195,2026-07-25,Line B,Day,TS-01,FW-SIM-0.3,3.41,2.95,83.1,Pass,None,No
WHRM-02196,2026-07-25,Line A,Day,TS-02,FW-SIM-0.3,1.72,4.44,86.2,Pass,None,No
WHRM-02197,2026-07-25,Line C,Evening,TS-03,FW-SIM-0.3,1.25,3.91,92.2,Pass,None,No
WHRM-02198,2026-07-25,Line B,Evening,TS-01,FW-SIM-0.3,4.0,2.94,97.7,Pass,None,No
WHRM-02199,2026-07-25,Line B,Day,TS-03,FW-SIM-0.3,3.92,3.54,90.6,Pass,None,No
WHRM-02200,2026-07-25,Line A,Day,TS-02,FW-SIM-0.3,4.67,3.59,91.4,Pass,None,No
WHRM-02201,2026-07-25,Line C,Day,TS-01,FW-SIM-0.3,0.17,4.31,96.1,Pass,None,No
WHRM-02202,2026-07-25,Line A,Evening,TS-01,FW-SIM-0.3,2.09,4.21,95.0,Pass,None,No
WHRM-02203,2026-07-25,Line C,Day,TS-03,FW-SIM-0.3,0.56,4.86,82.8,Pass,None,No
WHRM-02204,2026-07-25,Line A,Day,TS-01,FW-SIM-0.3,1.7,5.19,88.8,Fail,Slow response time,No
WHRM-02205,2026-07-25,Line C,Day,TS-02,FW-SIM-0.3,3.48,2.76,95.1,Pass,None,No
WHRM-02206,2026-07-25,Line A,Evening,TS-02,FW-SIM-0.3,1.31,3.04,81.7,Fail,Low signal quality,No
WHRM-02207,2026-07-25,Line C,Evening,TS-01,FW-SIM-0.3,4.65,4.17,96.3,Pass,None,No
WHRM-02208,2026-07-25,Line B,Day,TS-03,FW-SIM-0.3,3.34,2.66,86.6,Pass,None,No
WHRM-02209,2026-07-25,Line B,Day,TS-01,FW-SIM-0.3,1.82,3.8,88.8,Pass,None,No
WHRM-02210,2026-07-25,Line B,Evening,TS-02,FW-SIM-0.3,3.91,4.59,92.2,Pass,None,No
WHRM-02211,2026-07-25,Line C,Evening,TS-03,FW-SIM-0.3,2.59,2.55,80.3,Fail,Low signal quality,Yes
WHRM-02212,2026-07-25,Line B,Day,TS-01,FW-SIM-0.3,3.44,4.9,92.9,Pass,None,No
WHRM-02213,2026-07-25,Line A,Evening,TS-02,FW-SIM-0.3,2.4,3.58,95.5,Pass,None,No
WHRM-02214,2026-07-25,Line A,Day,TS-03,FW-SIM-0.3,1.16,4.38,92.3,Pass,None,No
WHRM-02215,2026-07-25,Line B,Day,TS-01,FW-SIM-0.3,1.52,4.8,95.5,Pass,None,No
WHRM-02216,2026-07-25,Line B,Evening,TS-02,FW-SIM-0.3,3.76,4.51,90.5,Pass,None,No
WHRM-02217,2026-07-25,Line B,Day,TS-02,FW-SIM-0.3,1.2,3.7,91.6,Pass,None,No
WHRM-02218,2026-07-25,Line B,Day,TS-01,FW-SIM-0.3,1.3,4.2,85.8,Pass,None,No
WHRM-02219,2026-07-25,Line A,Evening,TS-02,FW-SIM-0.3,4.74,4.73,87.0,Pass,None,No
WHRM-02220,2026-07-25,Line B,Evening,TS-01,FW-SIM-0.3,3.28,3.3,86.3,Pass,None,No
WHRM-02221,2026-07-25,Line A,Day,TS-03,FW-SIM-0.3,1.33,3.22,84.4,Pass,None,No
WHRM-02222,2026-07-25,Line A,Day,TS-03,FW-SIM-0.3,4.8,3.75,95.7,Pass,None,No
WHRM-02223,2026-07-26,Line C,Day,TS-01,FW-SIM-0.3,1.95,4.42,89.8,Pass,None,No
WHRM-02224,2026-07-26,Line A,Day,TS-01,FW-SIM-0.3,3.49,4.8,89.2,Pass,None,No
WHRM-02225,2026-07-26,Line A,Day,TS-02,FW-SIM-0.3,3.13,4.32,96.6,Pass,None,No
WHRM-02226,2026-07-26,Line A,Evening,TS-02,FW-SIM-0.3,2.73,2.92,100.0,Fail,Assembly defect,Yes
WHRM-02227,2026-07-26,Line A,Evening,TS-01,FW-SIM-0.3,3.88,3.76,96.4,Pass,None,No
WHRM-02228,2026-07-26,Line C,Day,TS-03,FW-SIM-0.3,3.76,4.84,87.3,Pass,None,No
WHRM-02229,2026-07-26,Line B,Day,TS-02,FW-SIM-0.3,3.57,4.08,90.0,Pass,None,No
WHRM-02230,2026-07-26,Line B,Day,TS-01,FW-SIM-0.3,2.93,3.92,95.7,Pass,None,No
WHRM-02231,2026-07-26,Line A,Evening,TS-01,FW-SIM-0.3,1.35,4.39,86.2,Pass,None,No
WHRM-02232,2026-07-26,Line B,Day,TS-03,FW-SIM-0.3,4.65,3.55,95.8,Pass,None,No
WHRM-02233,2026-07-26,Line C,Evening,TS-03,FW-SIM-0.3,1.79,3.27,92.2,Pass,None,No
WHRM-02234,2026-07-26,Line A,Evening,TS-03,FW-SIM-0.3,2.12,4.46,81.6,Fail,Low signal quality,No
WHRM-02235,2026-07-26,Line B,Day,TS-03,FW-SIM-0.3,3.57,3.8,82.1,Pass,None,No
WHRM-02236,2026-07-26,Line B,Evening,TS-02,FW-SIM-0.3,1.28,3.56,94.1,Pass,None,No
WHRM-02237,2026-07-26,Line B,Day,TS-02,FW-SIM-0.3,3.48,4.5,90.4,Pass,None,No
WHRM-02238,2026-07-26,Line C,Day,TS-02,FW-SIM-0.3,1.42,2.68,80.1,Fail,Low signal quality,Yes
WHRM-02239,2026-07-26,Line A,Day,TS-01,FW-SIM-0.3,2.42,4.03,94.7,Pass,None,No
WHRM-02240,2026-07-26,Line A,Evening,TS-01,FW-SIM-0.3,4.5,4.35,95.0,Pass,None,No
WHRM-02241,2026-07-26,Line C,Day,TS-03,FW-SIM-0.3,1.29,3.17,83.8,Pass,None,No
WHRM-02242,2026-07-26,Line A,Evening,TS-02,FW-SIM-0.3,2.46,2.67,89.7,Pass,None,No
WHRM-02243,2026-07-26,Line A,Evening,TS-02,FW-SIM-0.3,2.09,3.49,88.8,Pass,None,No
WHRM-02244,2026-07-26,Line A,Evening,TS-03,FW-SIM-0.3,1.17,2.86,85.0,Pass,None,No
WHRM-02245,2026-07-26,Line C,Day,TS-01,FW-SIM-0.3,2.27,5.14,85.2,Fail,Slow response time,No
WHRM-02246,2026-07-26,Line C,Evening,TS-01,FW-SIM-0.3,3.01,3.39,100.0,Pass,None,No
WHRM-02247,2026-07-26,Line A,Evening,TS-01,FW-SIM-0.3,3.04,3.59,96.8,Pass,None,No
WHRM-02248,2026-07-26,Line A,Evening,TS-01,FW-SIM-0.3,2.15,4.78,94.7,Pass,None,No
WHRM-02249,2026-07-26,Line B,Day,TS-01,FW-SIM-0.3,2.37,3.24,90.3,Pass,None,No
WHRM-02250,2026-07-26,Line B,Evening,TS-03,FW-SIM-0.3,1.04,3.91,80.8,Fail,Low signal quality,Yes
WHRM-02251,2026-07-26,Line A,Evening,TS-03,FW-SIM-0.3,4.59,3.51,92.3,Pass,None,No
WHRM-02252,2026-07-26,Line C,Day,TS-03,FW-SIM-0.3,0.1,4.02,89.9,Pass,None,No
WHRM-02253,2026-07-26,Line C,Evening,TS-02,FW-SIM-0.3,1.34,3.41,90.0,Pass,None,No
WHRM-02254,2026-07-26,Line A,Evening,TS-03,FW-SIM-0.3,1.5,5.43,90.6,Fail,Slow response time,Yes
WHRM-02255,2026-07-26,Line A,Evening,TS-02,FW-SIM-0.3,0.24,4.48,98.8,Pass,None,No
WHRM-02256,2026-07-26,Line B,Evening,TS-01,FW-SIM-0.3,0.38,4.06,88.5,Pass,None,No
WHRM-02257,2026-07-26,Line B,Day,TS-03,FW-SIM-0.3,4.1,3.35,93.6,Pass,None,No
WHRM-02258,2026-07-26,Line B,Evening,TS-01,FW-SIM-0.3,3.68,4.34,87.6,Pass,None,No
WHRM-02259,2026-07-26,Line A,Day,TS-02,FW-SIM-0.3,2.1,4.47,89.7,Pass,None,No
WHRM-02260,2026-07-26,Line C,Day,TS-03,FW-SIM-0.3,2.62,4.56,88.3,Pass,None,No
WHRM-02261,2026-07-26,Line B,Evening,TS-03,FW-SIM-0.3,3.23,4.39,89.0,Pass,None,No
WHRM-02262,2026-07-26,Line A,Day,TS-02,FW-SIM-0.3,1.4,3.79,88.3,Pass,None,No
WHRM-02263,2026-07-26,Line A,Day,TS-01,FW-SIM-0.3,5.4,4.12,94.0,Fail,High heart-rate error,Yes
WHRM-02264,2026-07-26,Line B,Day,TS-01,FW-SIM-0.3,1.94,4.31,85.8,Pass,None,No
WHRM-02265,2026-07-26,Line C,Day,TS-03,FW-SIM-0.3,4.7,2.87,81.5,Fail,Low signal quality,Yes
WHRM-02266,2026-07-26,Line C,Day,TS-03,FW-SIM-0.3,0.1,2.89,96.2,Pass,None,No
WHRM-02267,2026-07-26,Line C,Evening,TS-03,FW-SIM-0.3,2.78,3.89,84.9,Fail,Cosmetic defect,No
WHRM-02268,2026-07-26,Line A,Day,TS-02,FW-SIM-0.3,1.53,4.55,92.1,Pass,None,No
WHRM-02269,2026-07-26,Line C,Evening,TS-03,FW-SIM-0.3,2.94,4.11,89.2,Pass,None,No
WHRM-02270,2026-07-26,Line C,Day,TS-01,FW-SIM-0.3,0.1,4.25,84.9,Pass,None,No
WHRM-02271,2026-07-26,Line C,Day,TS-02,FW-SIM-0.3,3.16,3.17,93.3,Pass,None,No
WHRM-02272,2026-07-26,Line A,Day,TS-02,FW-SIM-0.3,2.87,3.46,84.1,Pass,None,No
WHRM-02273,2026-07-26,Line A,Evening,TS-01,FW-SIM-0.3,1.01,3.86,87.7,Pass,None,No
WHRM-02274,2026-07-26,Line C,Evening,TS-03,FW-SIM-0.3,6.06,3.46,89.6,Fail,High heart-rate error,No
WHRM-02275,2026-07-26,Line A,Day,TS-03,FW-SIM-0.3,2.6,3.3,87.8,Pass,None,No
WHRM-02276,2026-07-26,Line A,Evening,TS-03,FW-SIM-0.3,2.42,2.6,90.8,Fail,Cosmetic defect,No
WHRM-02277,2026-07-26,Line C,Day,TS-01,FW-SIM-0.3,1.24,3.41,85.8,Pass,None,No
WHRM-02278,2026-07-26,Line B,Day,TS-02,FW-SIM-0.3,2.76,3.11,90.3,Pass,None,No
WHRM-02279,2026-07-26,Line A,Day,TS-02,FW-SIM-0.3,2.57,2.37,95.4,Pass,None,No
WHRM-02280,2026-07-26,Line A,Day,TS-02,FW-SIM-0.3,3.54,3.32,85.3,Pass,None,No
WHRM-02281,2026-07-26,Line B,Day,TS-03,FW-SIM-0.3,4.97,4.41,83.8,Pass,None,No
WHRM-02282,2026-07-26,Line B,Day,TS-01,FW-SIM-0.3,4.57,3.59,82.6,Pass,None,No
WHRM-02283,2026-07-26,Line B,Day,TS-02,FW-SIM-0.3,2.15,2.97,93.8,Pass,None,No
WHRM-02284,2026-07-26,Line C,Day,TS-03,FW-SIM-0.3,3.25,2.33,88.1,Pass,None,No
WHRM-02285,2026-07-26,Line A,Day,TS-01,FW-SIM-0.3,3.28,3.35,92.8,Pass,None,No
WHRM-02286,2026-07-26,Line B,Day,TS-01,FW-SIM-0.3,2.19,3.53,84.9,Pass,None,No
WHRM-02287,2026-07-26,Line A,Evening,TS-01,FW-SIM-0.3,3.15,3.51,99.4,Pass,None,No
WHRM-02288,2026-07-26,Line A,Evening,TS-02,FW-SIM-0.3,1.51,4.39,96.3,Pass,None,No
WHRM-02289,2026-07-26,Line B,Day,TS-01,FW-SIM-0.3,2.93,3.9,82.3,Pass,None,No
WHRM-02290,2026-07-26,Line B,Evening,TS-03,FW-SIM-0.3,5.73,4.03,85.0,Fail,High heart-rate error,No
WHRM-02291,2026-07-26,Line A,Evening,TS-03,FW-SIM-0.3,2.68,4.69,89.5,Pass,None,No
WHRM-02292,2026-07-26,Line A,Day,TS-01,FW-SIM-0.3,3.47,4.07,97.7,Fail,Assembly defect,Yes
WHRM-02293,2026-07-26,Line A,Evening,TS-01,FW-SIM-0.3,0.81,4.64,86.9,Pass,None,No
WHRM-02294,2026-07-26,Line C,Day,TS-03,FW-SIM-0.3,1.96,3.32,85.6,Pass,None,No
WHRM-02295,2026-07-26,Line A,Day,TS-01,FW-SIM-0.3,2.48,3.77,98.9,Pass,None,No
WHRM-02296,2026-07-26,Line C,Day,TS-01,FW-SIM-0.3,3.08,3.97,93.7,Fail,Assembly defect,Yes
WHRM-02297,2026-07-26,Line A,Evening,TS-03,FW-SIM-0.3,0.59,3.65,94.6,Pass,None,No
WHRM-02298,2026-07-26,Line B,Day,TS-01,FW-SIM-0.3,0.92,4.5,93.3,Pass,None,No
WHRM-02299,2026-07-26,Line A,Day,TS-01,FW-SIM-0.3,4.14,3.1,98.1,Pass,None,No
WHRM-02300,2026-07-26,Line B,Day,TS-02,FW-SIM-0.3,4.18,3.06,89.2,Pass,None,No
WHRM-02301,2026-07-26,Line B,Evening,TS-03,FW-SIM-0.3,3.37,3.6,94.9,Pass,None,No
WHRM-02302,2026-07-26,Line C,Day,TS-03,FW-SIM-0.3,4.34,3.48,83.4,Pass,None,No
WHRM-02303,2026-07-26,Line A,Evening,TS-02,FW-SIM-0.3,1.81,3.44,91.5,Pass,None,No
WHRM-02304,2026-07-26,Line B,Day,TS-03,FW-SIM-0.3,3.76,3.62,87.8,Pass,None,No
WHRM-02305,2026-07-26,Line A,Evening,TS-03,FW-SIM-0.3,0.58,3.96,85.8,Pass,None,No
WHRM-02306,2026-07-26,Line B,Day,TS-02,FW-SIM-0.3,2.51,3.31,89.1,Pass,None,No
WHRM-02307,2026-07-26,Line C,Evening,TS-03,FW-SIM-0.3,3.32,4.45,85.5,Pass,None,No
WHRM-02308,2026-07-26,Line C,Day,TS-02,FW-SIM-0.3,2.63,4.19,95.7,Pass,None,No
WHRM-02309,2026-07-26,Line C,Evening,TS-01,FW-SIM-0.3,4.34,4.16,95.5,Pass,None,No
WHRM-02310,2026-07-26,Line A,Evening,TS-01,FW-SIM-0.3,2.86,3.72,94.9,Pass,None,No
WHRM-02311,2026-07-26,Line B,Evening,TS-01,FW-SIM-0.3,1.67,4.37,89.5,Pass,None,No
WHRM-02312,2026-07-27,Line B,Evening,TS-03,FW-SIM-0.3,3.94,3.52,92.9,Pass,None,No
WHRM-02313,2026-07-27,Line B,Day,TS-02,FW-SIM-0.3,2.49,3.08,95.3,Pass,None,No
WHRM-02314,2026-07-27,Line A,Day,TS-02,FW-SIM-0.3,1.66,3.63,94.8,Pass,None,No
WHRM-02315,2026-07-27,Line B,Evening,TS-02,FW-SIM-0.3,1.26,3.62,99.6,Pass,None,No
WHRM-02316,2026-07-27,Line B,Day,TS-02,FW-SIM-0.3,1.25,3.45,94.4,Pass,None,No
WHRM-02317,2026-07-27,Line B,Day,TS-02,FW-SIM-0.3,4.26,3.53,86.9,Fail,Assembly defect,Yes
WHRM-02318,2026-07-27,Line A,Evening,TS-03,FW-SIM-0.3,3.01,3.81,82.4,Pass,None,No
WHRM-02319,2026-07-27,Line A,Day,TS-02,FW-SIM-0.3,2.35,3.69,87.8,Pass,None,No
WHRM-02320,2026-07-27,Line B,Day,TS-02,FW-SIM-0.3,3.63,4.48,96.4,Fail,Cosmetic defect,Yes
WHRM-02321,2026-07-27,Line A,Evening,TS-01,FW-SIM-0.3,3.01,3.17,96.3,Pass,None,No
WHRM-02322,2026-07-27,Line A,Evening,TS-01,FW-SIM-0.3,2.69,3.37,86.4,Pass,None,No
WHRM-02323,2026-07-27,Line C,Day,TS-02,FW-SIM-0.3,3.29,5.04,93.8,Fail,Slow response time,No
WHRM-02324,2026-07-27,Line A,Evening,TS-01,FW-SIM-0.3,3.5,4.07,91.3,Pass,None,No
WHRM-02325,2026-07-27,Line B,Day,TS-03,FW-SIM-0.3,0.31,3.59,79.6,Fail,Low signal quality,Yes
WHRM-02326,2026-07-27,Line B,Day,TS-02,FW-SIM-0.3,3.3,3.67,92.8,Pass,None,No
WHRM-02327,2026-07-27,Line B,Day,TS-02,FW-SIM-0.3,4.39,3.79,86.2,Pass,None,No
WHRM-02328,2026-07-27,Line A,Day,TS-01,FW-SIM-0.3,1.36,3.46,96.8,Pass,None,No
WHRM-02329,2026-07-27,Line A,Day,TS-02,FW-SIM-0.3,1.82,4.55,77.9,Fail,Low signal quality,No
WHRM-02330,2026-07-27,Line A,Day,TS-01,FW-SIM-0.3,4.32,3.57,84.0,Pass,None,No
WHRM-02331,2026-07-27,Line B,Evening,TS-01,FW-SIM-0.3,1.65,4.18,91.1,Pass,None,No
WHRM-02332,2026-07-27,Line A,Evening,TS-01,FW-SIM-0.3,2.68,3.27,91.7,Pass,None,No
WHRM-02333,2026-07-27,Line A,Day,TS-01,FW-SIM-0.3,1.78,3.24,96.3,Pass,None,No
WHRM-02334,2026-07-27,Line A,Day,TS-02,FW-SIM-0.3,3.91,5.07,97.4,Fail,Slow response time,No
WHRM-02335,2026-07-27,Line A,Day,TS-02,FW-SIM-0.3,2.65,3.5,93.4,Pass,None,No
WHRM-02336,2026-07-27,Line B,Day,TS-02,FW-SIM-0.3,2.86,4.13,90.1,Pass,None,No
WHRM-02337,2026-07-27,Line A,Day,TS-01,FW-SIM-0.3,2.44,2.14,94.2,Pass,None,No
WHRM-02338,2026-07-27,Line A,Day,TS-03,FW-SIM-0.3,0.71,3.16,95.7,Pass,None,No
WHRM-02339,2026-07-27,Line B,Evening,TS-02,FW-SIM-0.3,2.84,3.68,87.5,Fail,Assembly defect,Yes
WHRM-02340,2026-07-27,Line B,Day,TS-02,FW-SIM-0.3,5.41,4.34,88.0,Fail,High heart-rate error,Yes
WHRM-02341,2026-07-27,Line B,Day,TS-01,FW-SIM-0.3,2.84,5.02,83.9,Fail,Slow response time,Yes
WHRM-02342,2026-07-27,Line C,Evening,TS-02,FW-SIM-0.3,3.87,3.07,93.3,Pass,None,No
WHRM-02343,2026-07-27,Line A,Evening,TS-02,FW-SIM-0.3,2.16,3.23,87.2,Pass,None,No
WHRM-02344,2026-07-27,Line A,Evening,TS-03,FW-SIM-0.3,2.85,3.87,76.9,Fail,Low signal quality,Yes
WHRM-02345,2026-07-27,Line A,Day,TS-03,FW-SIM-0.3,4.06,4.32,92.3,Pass,None,No
WHRM-02346,2026-07-27,Line A,Evening,TS-02,FW-SIM-0.3,3.55,4.42,86.9,Pass,None,No
WHRM-02347,2026-07-27,Line B,Day,TS-02,FW-SIM-0.3,2.55,3.68,90.2,Pass,None,No
WHRM-02348,2026-07-27,Line A,Day,TS-02,FW-SIM-0.3,0.54,2.14,96.1,Pass,None,No
WHRM-02349,2026-07-27,Line A,Evening,TS-01,FW-SIM-0.3,0.56,4.18,92.0,Pass,None,No
WHRM-02350,2026-07-27,Line A,Evening,TS-02,FW-SIM-0.3,0.37,3.9,91.9,Pass,None,No
WHRM-02351,2026-07-27,Line C,Evening,TS-01,FW-SIM-0.3,2.24,3.98,93.1,Pass,None,No
WHRM-02352,2026-07-27,Line A,Day,TS-03,FW-SIM-0.3,2.48,4.12,85.9,Pass,None,No
WHRM-02353,2026-07-27,Line B,Day,TS-01,FW-SIM-0.3,2.99,4.31,84.3,Pass,None,No
WHRM-02354,2026-07-27,Line A,Day,TS-03,FW-SIM-0.3,3.61,4.19,81.1,Fail,Low signal quality,No
WHRM-02355,2026-07-27,Line A,Day,TS-03,FW-SIM-0.3,2.37,2.81,87.6,Fail,Cosmetic defect,Yes
WHRM-02356,2026-07-27,Line A,Evening,TS-01,FW-SIM-0.3,4.29,4.26,84.1,Pass,None,No
WHRM-02357,2026-07-27,Line A,Day,TS-01,FW-SIM-0.3,2.94,3.15,86.0,Pass,None,No
WHRM-02358,2026-07-27,Line C,Evening,TS-01,FW-SIM-0.3,2.5,5.22,76.9,Fail,Slow response time,Yes
WHRM-02359,2026-07-27,Line C,Evening,TS-02,FW-SIM-0.3,1.1,2.98,85.4,Pass,None,No
WHRM-02360,2026-07-27,Line B,Day,TS-01,FW-SIM-0.3,0.84,4.41,100.0,Pass,None,No
WHRM-02361,2026-07-27,Line B,Evening,TS-03,FW-SIM-0.3,2.26,3.77,94.4,Pass,None,No
WHRM-02362,2026-07-27,Line A,Evening,TS-01,FW-SIM-0.3,2.82,3.09,93.4,Pass,None,No
WHRM-02363,2026-07-27,Line A,Evening,TS-01,FW-SIM-0.3,0.1,4.49,100.0,Pass,None,No
WHRM-02364,2026-07-27,Line A,Evening,TS-01,FW-SIM-0.3,1.6,3.35,93.6,Pass,None,No
WHRM-02365,2026-07-27,Line B,Day,TS-01,FW-SIM-0.3,4.29,3.85,95.0,Pass,None,No
WHRM-02366,2026-07-27,Line A,Evening,TS-01,FW-SIM-0.3,2.67,2.59,92.5,Pass,None,No
WHRM-02367,2026-07-27,Line B,Evening,TS-03,FW-SIM-0.3,3.92,2.82,87.2,Pass,None,No
WHRM-02368,2026-07-27,Line C,Day,TS-02,FW-SIM-0.3,2.2,2.96,85.5,Pass,None,No
WHRM-02369,2026-07-27,Line A,Evening,TS-02,FW-SIM-0.3,3.02,3.52,93.6,Pass,None,No
WHRM-02370,2026-07-27,Line B,Day,TS-01,FW-SIM-0.3,3.11,4.45,94.7,Pass,None,No
WHRM-02371,2026-07-27,Line C,Evening,TS-02,FW-SIM-0.3,3.87,3.99,89.8,Pass,None,No
WHRM-02372,2026-07-27,Line C,Day,TS-03,FW-SIM-0.3,0.52,3.45,87.0,Pass,None,No
WHRM-02373,2026-07-27,Line A,Day,TS-01,FW-SIM-0.3,4.09,3.22,87.1,Pass,None,No
WHRM-02374,2026-07-27,Line A,Evening,TS-02,FW-SIM-0.3,2.79,3.58,100.0,Pass,None,No
WHRM-02375,2026-07-27,Line A,Evening,TS-03,FW-SIM-0.3,0.92,2.69,88.0,Pass,None,No
WHRM-02376,2026-07-27,Line B,Day,TS-02,FW-SIM-0.3,5.43,3.66,90.1,Fail,High heart-rate error,Yes
WHRM-02377,2026-07-27,Line B,Day,TS-01,FW-SIM-0.3,2.83,3.29,93.1,Pass,None,No
WHRM-02378,2026-07-27,Line A,Evening,TS-01,FW-SIM-0.3,0.1,4.09,95.1,Pass,None,No
WHRM-02379,2026-07-27,Line A,Day,TS-02,FW-SIM-0.3,3.7,4.3,89.1,Pass,None,No
WHRM-02380,2026-07-27,Line C,Day,TS-01,FW-SIM-0.3,1.69,3.12,93.0,Pass,None,No
WHRM-02381,2026-07-27,Line A,Evening,TS-02,FW-SIM-0.3,1.28,3.76,94.8,Pass,None,No
WHRM-02382,2026-07-27,Line B,Day,TS-01,FW-SIM-0.3,0.59,4.37,84.9,Pass,None,No
WHRM-02383,2026-07-27,Line A,Evening,TS-02,FW-SIM-0.3,1.11,4.02,94.2,Pass,None,No
WHRM-02384,2026-07-27,Line A,Evening,TS-03,FW-SIM-0.3,2.21,3.34,90.9,Pass,None,No
WHRM-02385,2026-07-27,Line B,Evening,TS-02,FW-SIM-0.3,2.45,4.19,89.4,Pass,None,No
WHRM-02386,2026-07-27,Line A,Day,TS-02,FW-SIM-0.3,3.06,4.69,89.4,Pass,None,No
WHRM-02387,2026-07-27,Line C,Day,TS-01,FW-SIM-0.3,2.2,4.7,97.5,Pass,None,No
WHRM-02388,2026-07-27,Line C,Day,TS-03,FW-SIM-0.3,1.67,3.62,91.9,Pass,None,No
WHRM-02389,2026-07-27,Line B,Day,TS-01,FW-SIM-0.3,2.13,4.38,94.5,Pass,None,No
WHRM-02390,2026-07-27,Line A,Day,TS-02,FW-SIM-0.3,2.79,3.73,87.4,Pass,None,No
WHRM-02391,2026-07-27,Line C,Evening,TS-02,FW-SIM-0.3,0.1,4.48,98.0,Pass,None,No
WHRM-02392,2026-07-27,Line B,Day,TS-03,FW-SIM-0.3,1.13,5.02,88.2,Fail,Slow response time,Yes
WHRM-02393,2026-07-27,Line A,Day,TS-01,FW-SIM-0.3,1.65,4.71,83.6,Pass,None,No
WHRM-02394,2026-07-27,Line C,Day,TS-03,FW-SIM-0.3,3.06,3.67,82.2,Pass,None,No
WHRM-02395,2026-07-27,Line A,Day,TS-02,FW-SIM-0.3,1.64,3.21,87.1,Pass,None,No
WHRM-02396,2026-07-27,Line B,Day,TS-02,FW-SIM-0.3,2.14,4.22,95.1,Pass,None,No
WHRM-02397,2026-07-27,Line C,Evening,TS-01,FW-SIM-0.3,1.08,3.96,91.3,Pass,None,No
WHRM-02398,2026-07-27,Line A,Day,TS-01,FW-SIM-0.3,2.44,4.15,99.8,Pass,None,No
WHRM-02399,2026-07-27,Line A,Day,TS-02,FW-SIM-0.3,4.26,2.81,84.5,Pass,None,No
WHRM-02400,2026-07-28,Line B,Evening,TS-03,FW-SIM-0.3,1.16,3.21,90.9,Pass,None,No
